date,mini,strands,connections,wordle,crossword,notes
2024-07-26,true,false,false,false,false,
2024-07-27,true,true,false,false,false,
2024-07-28,true,true,true,false,false,
2024-07-29,true,true,true,true,false,
2024-08-01,true,,,,,
2024-08-02,true,true,false,true,false,"
<br><br>
Wordle 1,140 2/6
<br>
ğŸŸ¨ğŸŸ©â¬œâ¬œğŸŸ© 
<br>
ğŸŸ©ğŸŸ©ğŸŸ©ğŸŸ©ğŸŸ©
<br><br>
Strands #152
<br>
â€œHere, there, and everywhereâ€
<br>
ğŸŸ¡ğŸ”µğŸ”µğŸ”µ
<br>
ğŸ’¡ğŸ”µğŸ”µğŸ”µ
"
2024-08-03,true,,,,,
2024-08-04,true,,,,,
2024-08-05,true,,,,,
2024-08-06,true,,,,,
2024-08-07,true,,,,,
2024-08-08,true,,,,,
2024-08-09,true,,,,,
2024-08-10,true,,,,,
2024-08-11,true,,,,,
2024-08-13,true,,,,,
2024-08-14,true,,,,,
2024-08-15,true,,,,,
2024-08-16,true,,,,,
2024-08-17,true,,,,,
2024-08-18,true,,,,,
2024-08-19,true,,,,,
2024-08-20,true,,,,,
2024-08-21,true,,,,,
2024-08-22,true,,,,,
2024-08-23,true,,,,,
2024-08-24,true,,,,,
2024-08-25,true,,,,,
2024-08-26,true,,,,,
2024-08-28,true,,,,,
2024-08-29,true,,,,,
2024-08-30,true,,,,,
2024-08-31,true,,,,,
2024-09-01,true,,,,,
2024-09-03,true,,,,,
2024-11-24,true,,,true,,"
<br><br>
Wordle 1,254 6/6
<br>
â¬œâ¬œâ¬œâ¬œâ¬œ
<br>
â¬œğŸŸ¨â¬œâ¬œâ¬œ
<br>
ğŸŸ¨ğŸŸ¨â¬œâ¬œâ¬œ
<br>
â¬œğŸŸ¨â¬œğŸŸ¨ğŸŸ¨
<br>
ğŸŸ¨ğŸŸ¨ğŸŸ¨â¬œâ¬œ
<br>
ğŸŸ©ğŸŸ©ğŸŸ©ğŸŸ©ğŸŸ©
<br>"
2024-11-25,true,,,true,,"
<br><br>
Wordle 1,255 4/6
<br>
â¬œâ¬œğŸŸ©ğŸŸ¨â¬œ
<br>
â¬œğŸŸ©â¬œâ¬œâ¬œ
<br>
â¬œğŸŸ©ğŸŸ©ğŸŸ©ğŸŸ©
<br>
ğŸŸ©ğŸŸ©ğŸŸ©ğŸŸ©ğŸŸ©
<br>
"
2024-11-26,true,,,true,,"
https://www.nytimes.com/badges/games/mini.html?d=2024-11-27&t=965&c=4a58c364b66c8876e9d96a655ffd7f7a&smid=url-share

<br><br>
Wordle 1,256 5/6
<br>
â¬œâ¬œâ¬œâ¬œâ¬œ
<br>
â¬œâ¬œğŸŸ¨â¬œğŸŸ¨
<br>
â¬œğŸŸ©ğŸŸ¨â¬œâ¬œ
<br>
â¬œğŸŸ©â¬œğŸŸ©ğŸŸ©
<br>
ğŸŸ©ğŸŸ©ğŸŸ©ğŸŸ©ğŸŸ©
<br>
"
2024-11-27,true,,true,true,,"
<br>
Connections
<br>
Puzzle #535
<br>
ğŸŸ¨ğŸŸ¨ğŸŸ¨ğŸŸ¨
<br>
ğŸŸ©ğŸŸªğŸŸªğŸŸ©
<br>
ğŸŸ¦ğŸŸ¦ğŸŸ¦ğŸŸª
<br>
ğŸŸ¦ğŸŸ¦ğŸŸ¦ğŸŸ¦
<br>
ğŸŸ©ğŸŸªğŸŸªğŸŸ©
<br>
ğŸŸ©ğŸŸªğŸŸªğŸŸ©
<br><br>
Wordle 1,257 6/6
<br>
ğŸŸ¨ğŸŸ©â¬œğŸŸ©â¬œ
<br>
â¬œğŸŸ©ğŸŸ©ğŸŸ©â¬œ
<br>
â¬œğŸŸ©ğŸŸ©ğŸŸ©â¬œ
<br>
â¬œğŸŸ©ğŸŸ©ğŸŸ©â¬œ
<br>
ğŸŸ¨ğŸŸ©ğŸŸ©ğŸŸ©ğŸŸ¨
<br>
ğŸŸ©ğŸŸ©ğŸŸ©ğŸŸ©ğŸŸ©"
2024-11-28,true,true,true,true,,"
<br>
https://www.nytimes.com/badges/games/mini.html?d=2024-11-28&t=218&c=f6b8b86be3c65464ba236009127f2fd1&smid=url-share
<br><br>
Connections
<br>
Puzzle #536
<br>
ğŸŸ¨ğŸŸªğŸŸ¨ğŸŸ¨
<br>
ğŸŸ¨ğŸŸ¨ğŸŸ¨ğŸŸ¨
<br>
ğŸŸªğŸŸ©ğŸŸ©ğŸŸ©
<br>
ğŸŸ©ğŸŸ©ğŸŸ©ğŸŸ©
<br>
ğŸŸ¦ğŸŸªğŸŸ¦ğŸŸ¦
<br>
ğŸŸ¦ğŸŸ¦ğŸŸ¦ğŸŸ¦
<br>
ğŸŸªğŸŸªğŸŸªğŸŸª
<br><br>
Wordle 1,258 3/6
<br>
â¬œâ¬œğŸŸ©â¬œâ¬œ
<br>
â¬œâ¬œğŸŸ©â¬œâ¬œ
<br>
ğŸŸ©ğŸŸ©ğŸŸ©ğŸŸ©ğŸŸ©
<br>
Strands #270
<br>
â€œThank goodness!â€
<br>
ğŸ”µğŸ”µğŸ”µğŸ”µ
<br>
ğŸ”µğŸ’¡ğŸ”µğŸŸ¡
"
2024-11-29,true,,true,true,,"
<br>
https://www.nytimes.com/badges/games/mini.html?d=2024-11-29&t=330&c=dbb3845aa2091f6180e6a4a6cc793f67&smid=url-share
<br>
Connections
<br>
Puzzle #537
<br>
ğŸŸ©ğŸŸªğŸŸ©ğŸŸ¦
<br>
ğŸŸªğŸŸ¨ğŸŸªğŸŸ¨
<br>
ğŸŸ¨ğŸŸ¨ğŸŸ¨ğŸŸ¨
<br>
ğŸŸ©ğŸŸ©ğŸŸ¦ğŸŸ©
<br>
ğŸŸ©ğŸŸ©ğŸŸªğŸŸ¦
<br>
Wordle 1,259 6/6
<br>
â¬œâ¬œğŸŸ¨â¬œâ¬œ
<br>
â¬œğŸŸ¨â¬œâ¬œğŸŸ¨
<br>
â¬œğŸŸ©â¬œâ¬œâ¬œ
<br>
â¬œğŸŸ©â¬œğŸŸ¨â¬œ
<br>
â¬œâ¬œâ¬œğŸŸ©â¬œ
<br>
ğŸŸ©ğŸŸ©ğŸŸ©ğŸŸ©ğŸŸ©
"
2024-11-30,true,,true,true,,"
I solved the 11/30/2024 New York Times Mini Crossword in 6:39!
<br>
Connections
<br>
Puzzle #538
<br>
ğŸŸ¨ğŸŸ¨ğŸŸ©ğŸŸ¦
<br>
ğŸŸ¨ğŸŸ©ğŸŸ©ğŸŸ¦
<br>
ğŸŸªğŸŸ¨ğŸŸ¨ğŸŸ¨
<br>
ğŸŸ¦ğŸŸ¨ğŸŸ¨ğŸŸ¨
Wordle 1,260 4/6
<br>
ğŸŸ¨â¬œğŸŸ¨â¬œâ¬œ
<br>
â¬œğŸŸ©ğŸŸ¨ğŸŸ¨â¬œ
<br>
â¬œğŸŸ©ğŸŸ¨ğŸŸ¨â¬œ
<br>
ğŸŸ©ğŸŸ©ğŸŸ©ğŸŸ©ğŸŸ©"
2024-12-01,true,,true,true,,"
<br><br>
I solved the 12/01/2024 New York Times Mini Crossword in 2:02!
<br><br>
Connections
<br>
Puzzle #539
<br>
ğŸŸ©ğŸŸ©ğŸŸ©ğŸŸ©
<br>
ğŸŸ¦ğŸŸ¨ğŸŸ¨ğŸŸ¨
<br>
ğŸŸªğŸŸ¦ğŸŸ¦ğŸŸ¦
<br>
ğŸŸªğŸŸ¦ğŸŸ¦ğŸŸ¦
<br>
ğŸŸªğŸŸ¦ğŸŸ¨ğŸŸ¦
<br><br>
Wordle 1,261 4/6
<br>
ğŸŸ¨â¬œâ¬œâ¬œğŸŸ©
<br>
â¬œğŸŸ©â¬œâ¬œâ¬œ
<br>
ğŸŸ©â¬œâ¬œâ¬œâ¬œ
<br>
ğŸŸ©ğŸŸ©ğŸŸ©ğŸŸ©ğŸŸ©
"
2024-12-02,true,,true,true,,"
<br><br>
I solved the 12/02/2024 New York Times Mini Crossword in 5:00!
<br><br>
Connections
<br>
Puzzle #540
<br>
ğŸŸ©ğŸŸ©ğŸŸ©ğŸŸ©
<br>
ğŸŸ¨ğŸŸ¦ğŸŸ¨ğŸŸ¦
<br>
ğŸŸªğŸŸªğŸŸ¨ğŸŸª
<br>
ğŸŸªğŸŸªğŸŸªğŸŸª
<br>
ğŸŸ¨ğŸŸ¦ğŸŸ¦ğŸŸ¦
<br>
ğŸŸ¦ğŸŸ¨ğŸŸ¦ğŸŸ¦
<br><br>
Wordle 1,262 5/6
<br>
â¬œğŸŸ¨â¬œâ¬œğŸŸ©
<br>
â¬œğŸŸ¨ğŸŸ¨â¬œğŸŸ©
<br>
â¬œğŸŸ¨â¬œğŸŸ¨â¬œ
<br>
â¬œâ¬œğŸŸ¨ğŸŸ¨â¬œ
<br>
ğŸŸ©ğŸŸ©ğŸŸ©ğŸŸ©ğŸŸ©
<br>
"
2024-12-03,true,,true,true,,"
<br><br>
I solved the 12/03/2024 New York Times Mini Crossword in 5:00!
<br><br>
Connections
<br>
Puzzle #541
<br>
ğŸŸªğŸŸ©ğŸŸ¦ğŸŸ¨
<br>
ğŸŸ¨ğŸŸ¨ğŸŸ¨ğŸŸ¨
<br>
ğŸŸ©ğŸŸ©ğŸŸ©ğŸŸ©
<br>
ğŸŸ¦ğŸŸ¦ğŸŸ¦ğŸŸ¦
<br>
ğŸŸªğŸŸªğŸŸªğŸŸª
<br><br>
Wordle 1,263 6/6
<br>
ğŸŸ¨â¬œâ¬œâ¬œâ¬œ
<br>
â¬œğŸŸ¨â¬œâ¬œğŸŸ¨
<br>
â¬œâ¬œğŸŸ¨â¬œâ¬œ
<br>
ğŸŸ¨ğŸŸ¨ğŸŸ¨â¬œâ¬œ
<br>
ğŸŸ©ğŸŸ©ğŸŸ©â¬œğŸŸ©
<br>
ğŸŸ©ğŸŸ©ğŸŸ©ğŸŸ©ğŸŸ©
<br>"
2024-12-04,true,,true,true,,"
<br><br>
I solved the 12/04/2024 New York Times Mini Crossword in 5:48!
<br><br>
Connections
<br>
Puzzle #542
<br>
ğŸŸ¨ğŸŸ¨ğŸŸ¨ğŸŸ¨
<br>
ğŸŸ¦ğŸŸ¦ğŸŸ¦ğŸŸª
<br>
ğŸŸ¦ğŸŸ¦ğŸŸ¦ğŸŸª
<br>
ğŸŸ¦ğŸŸ©ğŸŸ©ğŸŸª
<br>
ğŸŸ¦ğŸŸ¦ğŸŸ¦ğŸŸ¦
<br>
ğŸŸ©ğŸŸ©ğŸŸªğŸŸ©
<br><br>
Wordle 1,264 5/6
<br>
â¬œâ¬œâ¬œâ¬œâ¬œ
<br>
â¬œâ¬œâ¬œâ¬œğŸŸ©
<br>
â¬œâ¬œğŸŸ¨â¬œğŸŸ©
<br>
â¬œğŸŸ©â¬œğŸŸ¨â¬œ
<br>
ğŸŸ©ğŸŸ©ğŸŸ©ğŸŸ©ğŸŸ©
"
2024-12-05,true,,true,true,,"
<br><br>
I solved the 12/05/2024 New York Times Mini Crossword in 4:05!
<br><br>
Connections
<br>
Puzzle #543
<br>
ğŸŸ¦ğŸŸ¦ğŸŸ¦ğŸŸ¦
<br>
ğŸŸ©ğŸŸ©ğŸŸªğŸŸ©
<br>
ğŸŸ©ğŸŸ¨ğŸŸ©ğŸŸ©
<br>
ğŸŸ©ğŸŸ©ğŸŸ©ğŸŸ©
<br>
ğŸŸªğŸŸ¨ğŸŸªğŸŸ¨
<br>
ğŸŸªğŸŸªğŸŸªğŸŸª
<br>
ğŸŸ¨ğŸŸ¨ğŸŸ¨ğŸŸ¨
<br><br>
Wordle 1,265 X/6
<br>
â¬œâ¬œğŸŸ¨ğŸŸ¨ğŸŸ¨
<br>
â¬œğŸŸ¨ğŸŸ¨ğŸŸ¨â¬œ
<br>
â¬œâ¬œâ¬œâ¬œâ¬œ
<br>
ğŸŸ¨â¬œâ¬œğŸŸ¨â¬œ
<br>
ğŸŸ¨ğŸŸ¨ğŸŸ©ğŸŸ¨â¬œ
<br>
â¬œğŸŸ¨ğŸŸ©ğŸŸ©ğŸŸ¨"
2024-12-06,true,,true,true,,"
<br><br>
I solved the 12/06/2024 New York Times Mini Crossword in 1:27!
<br><br>
Connections
<br>
Puzzle #544
<br>
ğŸŸ©ğŸŸ©ğŸŸ©ğŸŸ©
<br>
ğŸŸ¨ğŸŸ¨ğŸŸ¨ğŸŸ¦
<br>
ğŸŸ¨ğŸŸªğŸŸ¨ğŸŸ¨
<br>
ğŸŸ¨ğŸŸ¨ğŸŸ¨ğŸŸ¨
<br>
ğŸŸ¦ğŸŸ¦ğŸŸ¦ğŸŸª
<br>
ğŸŸ¦ğŸŸ¦ğŸŸ¦ğŸŸª
<br><br>
Wordle 1,266 6/6
<br>
â¬œâ¬œğŸŸ©â¬œğŸŸ©
<br>
â¬œâ¬œâ¬œâ¬œğŸŸ¨
<br>
â¬œâ¬œâ¬œâ¬œğŸŸ©
<br>
â¬œğŸŸ¨â¬œğŸŸ¨ğŸŸ¨
<br>
â¬œğŸŸ©ğŸŸ©ğŸŸ¨ğŸŸ©
<br>
ğŸŸ©ğŸŸ©ğŸŸ©ğŸŸ©ğŸŸ©"
2024-12-07,true,,true,true,,"
<br><br>
I solved the 12/07/2024 New York Times Mini Crossword in 7:12!
<br><br>
Connections
<br>
Puzzle #545
<br>
ğŸŸ¨ğŸŸªğŸŸ©ğŸŸ¨
<br>
ğŸŸ¦ğŸŸ¦ğŸŸ¦ğŸŸ¦
<br>
ğŸŸ¨ğŸŸ¨ğŸŸ¨ğŸŸ¨
<br>
ğŸŸªğŸŸ©ğŸŸ©ğŸŸ©
<br>
ğŸŸ©ğŸŸªğŸŸ©ğŸŸ©
<br>
ğŸŸ©ğŸŸ©ğŸŸ©ğŸŸ©
<br>
ğŸŸªğŸŸªğŸŸªğŸŸª
<br><br>
Wordle 1,267 4/6
<br>
â¬œğŸŸ¨â¬œâ¬œâ¬œ
<br>
â¬œğŸŸ©â¬œğŸŸ¨â¬œ
<br>
â¬œğŸŸ©â¬œâ¬œâ¬œ
<br>
ğŸŸ©ğŸŸ©ğŸŸ©ğŸŸ©ğŸŸ©
"
2024-12-08,true,,true,true,,"
<br><br>
I solved the 12/08/2024 New York Times Mini Crossword in 3:28!
<br><br>
Connections
<br>
Puzzle #546
<br>
ğŸŸ¦ğŸŸ¦ğŸŸ¦ğŸŸ¦
<br>
ğŸŸ©ğŸŸ©ğŸŸ©ğŸŸ©
<br>
ğŸŸ¨ğŸŸªğŸŸ¨ğŸŸ¨
<br>
ğŸŸªğŸŸ¨ğŸŸ¨ğŸŸ¨
<br>
ğŸŸ¨ğŸŸªğŸŸ¨ğŸŸ¨
<br>
ğŸŸ¨ğŸŸ¨ğŸŸ¨ğŸŸ¨
<br>
ğŸŸªğŸŸªğŸŸªğŸŸª
<br><br>
Wordle 1,268 X/6
<br>
ğŸŸ¨â¬œâ¬œğŸŸ©ğŸŸ¨
<br>
â¬œâ¬œâ¬œğŸŸ¨â¬œ
<br>
â¬œğŸŸ¨â¬œâ¬œâ¬œ
<br>
â¬œğŸŸ¨â¬œâ¬œğŸŸ¨
<br>
ğŸŸ©ğŸŸ¨â¬œğŸŸ¨ğŸŸ¨
<br>
ğŸŸ©ğŸŸ¨â¬œğŸŸ©ğŸŸ©
"
2024-12-09,true,,true,true,,"
<br><br>
I solved the 12/09/2024 New York Times Mini Crossword in 2:22!
<br><br>
Connections
<br>
Puzzle #547
<br>
ğŸŸ¦ğŸŸ©ğŸŸ¦ğŸŸ¦
<br>
ğŸŸªğŸŸ¦ğŸŸ©ğŸŸ¦
<br>
ğŸŸ¦ğŸŸ©ğŸŸ¨ğŸŸ¦
<br>
ğŸŸ¨ğŸŸ¨ğŸŸ¨ğŸŸ¨
<br>
ğŸŸ©ğŸŸ©ğŸŸ©ğŸŸ©
<br>
ğŸŸ¦ğŸŸ¦ğŸŸ¦ğŸŸ¦
<br>
ğŸŸªğŸŸªğŸŸªğŸŸª
<br><br>
Wordle 1,269 4/6
<br>
â¬œğŸŸ©â¬œğŸŸ©â¬œ
<br>
ğŸŸ©ğŸŸ©â¬œğŸŸ©â¬œ
<br>
ğŸŸ©ğŸŸ©ğŸŸ©ğŸŸ©â¬œ
<br>
ğŸŸ©ğŸŸ©ğŸŸ©ğŸŸ©ğŸŸ©
"
2024-12-10,true,,true,true,,"
<br><br>
I solved the 12/10/2024 New York Times Mini Crossword in 3:15!
<br><br>
Connections
<br>
Puzzle #548
<br>
ğŸŸ©ğŸŸ©ğŸŸ©ğŸŸ©
<br>
ğŸŸ¨ğŸŸªğŸŸªğŸŸ¨
<br>
ğŸŸ¦ğŸŸªğŸŸ¦ğŸŸ¦
<br>
ğŸŸ¦ğŸŸ¦ğŸŸ¦ğŸŸ¦
<br>
ğŸŸ¨ğŸŸ¨ğŸŸ¨ğŸŸ¨
<br>
ğŸŸªğŸŸªğŸŸªğŸŸª
<br><br>
Wordle 1,270 3/6
<br>
ğŸŸ¨â¬œğŸŸ¨â¬œâ¬œ
<br>
â¬œğŸŸ¨â¬œâ¬œğŸŸ¨
<br>
ğŸŸ©ğŸŸ©ğŸŸ©ğŸŸ©ğŸŸ©
"
2024-12-11,true,,true,true,,"
<br><br>
I solved the 12/11/2024 New York Times Mini Crossword in 3:10!
<br><br>
Connections
<br>
Puzzle #549
<br>
ğŸŸ©ğŸŸ©ğŸŸ©ğŸŸ©
<br>
ğŸŸ¦ğŸŸ¦ğŸŸ¦ğŸŸ¦
<br>
ğŸŸªğŸŸ¨ğŸŸ¨ğŸŸ¨
<br>
ğŸŸ¨ğŸŸ¨ğŸŸ¨ğŸŸ¨
<br>
ğŸŸªğŸŸªğŸŸªğŸŸª
<br><br>
Wordle 1,271 5/6
<br>
â¬œğŸŸ©â¬œâ¬œâ¬œ
<br>
ğŸŸ©ğŸŸ©ğŸŸ©â¬œâ¬œ
<br>
ğŸŸ©ğŸŸ©ğŸŸ©â¬œâ¬œ
<br>
ğŸŸ©ğŸŸ©ğŸŸ©â¬œâ¬œ
<br>
ğŸŸ©ğŸŸ©ğŸŸ©ğŸŸ©ğŸŸ©
"
2024-12-12,true,,true,true,,"
<br><br>
I solved the 12/12/2024 New York Times Mini Crossword in 2:26!
<br><br>
Connections
<br>
Puzzle #550
<br>
ğŸŸ©ğŸŸ©ğŸŸ©ğŸŸ©
<br>
ğŸŸ¨ğŸŸªğŸŸ¨ğŸŸ¨
<br>
ğŸŸ¨ğŸŸ¨ğŸŸ¨ğŸŸ¨
<br>
ğŸŸªğŸŸªğŸŸªğŸŸª
<br>
ğŸŸ¦ğŸŸ¦ğŸŸ¦ğŸŸ¦
<br>
Wordle 1,272 6/6
<br>
â¬œâ¬œâ¬œğŸŸ©â¬œ
<br>
â¬œğŸŸ¨ğŸŸ¨â¬œâ¬œ
<br>
ğŸŸ¨â¬œğŸŸ©â¬œâ¬œ
<br>
â¬œâ¬œğŸŸ©ğŸŸ©ğŸŸ©
<br>
â¬œğŸŸ©ğŸŸ©ğŸŸ©ğŸŸ©
<br>
ğŸŸ©ğŸŸ©ğŸŸ©ğŸŸ©ğŸŸ©
"
2024-12-13,true,,true,true,,"
<br><br>
I solved the 12/13/2024 New York Times Mini Crossword in 2:19! 
<br><br>
Connections
<br>
Puzzle #551
<br>
ğŸŸ¨ğŸŸ¦ğŸŸ¨ğŸŸ¨
<br>
ğŸŸ¨ğŸŸ¦ğŸŸ¨ğŸŸ¨
<br>
ğŸŸ¨ğŸŸ¨ğŸŸ¨ğŸŸ¨
<br>
ğŸŸ©ğŸŸ©ğŸŸ©ğŸŸ©
<br>
ğŸŸ¦ğŸŸ¦ğŸŸ¦ğŸŸ¦
<br>
ğŸŸªğŸŸªğŸŸªğŸŸª
<br><br>
Wordle 1,273 X/6
<br>
â¬œâ¬œğŸŸ¨â¬œğŸŸ¨
<br>
â¬œâ¬œâ¬œâ¬œâ¬œ
<br>
â¬œğŸŸ¨ğŸŸ¨â¬œâ¬œ
<br>
â¬œğŸŸ©ğŸŸ¨â¬œâ¬œ
<br>
â¬œğŸŸ©â¬œğŸŸ©ğŸŸ©
<br>
ğŸŸ©ğŸŸ©â¬œğŸŸ©ğŸŸ©
"
2024-12-14,true,,true,true,,"
<br><br>
I solved the 12/14/2024 New York Times Mini Crossword in 4:59!
<br><br>
Connections
<br>
Puzzle #552
<br>
ğŸŸ¨ğŸŸ¦ğŸŸ¦ğŸŸ¨
<br>
ğŸŸ¨ğŸŸ¨ğŸŸ¨ğŸŸ¨
<br>
ğŸŸ¦ğŸŸ¦ğŸŸ¦ğŸŸ¦
<br>
ğŸŸ©ğŸŸ©ğŸŸ©ğŸŸ©
<br>
ğŸŸªğŸŸªğŸŸªğŸŸª
<br><br>
Wordle 1,274 5/6
<br>
â¬œğŸŸ¨ğŸŸ©â¬œâ¬œ
<br>
â¬œâ¬œâ¬œâ¬œâ¬œ
<br>
ğŸŸ©â¬œâ¬œâ¬œâ¬œ
<br>
ğŸŸ©ğŸŸ©ğŸŸ©â¬œğŸŸ©
<br>
ğŸŸ©ğŸŸ©ğŸŸ©ğŸŸ©ğŸŸ©
"
2024-12-15,true,,,true,,"
<br><br>
I solved the 12/15/2024 New York Times Mini Crossword in 6:54!
<br><br>
Wordle 1,273 X/6
<br>
â¬œâ¬œğŸŸ¨â¬œğŸŸ¨
<br>
â¬œâ¬œâ¬œâ¬œâ¬œ
<br>
â¬œğŸŸ¨ğŸŸ¨â¬œâ¬œ
<br>
â¬œğŸŸ©ğŸŸ¨â¬œâ¬œ
<br>
â¬œğŸŸ©â¬œğŸŸ©ğŸŸ©
<br>
ğŸŸ©ğŸŸ©â¬œğŸŸ©ğŸŸ©
"
2024-12-16,true,,true,true,,"
<br><br>
I solved the 12/16/2024 New York Times Mini Crossword in 4:34!
<br><br>
Connections
<br>
Puzzle #554
<br>
ğŸŸ¨ğŸŸ¨ğŸŸ¨ğŸŸ¨
<br>
ğŸŸ©ğŸŸ©ğŸŸ©ğŸŸ©
<br>
ğŸŸªğŸŸ¦ğŸŸ¦ğŸŸ¦
<br>
ğŸŸ¦ğŸŸªğŸŸ¦ğŸŸ¦
<br>
ğŸŸ¦ğŸŸ¦ğŸŸ¦ğŸŸ¦
<br>
ğŸŸªğŸŸªğŸŸªğŸŸª
<br><br>
Wordle 1,276 5/6
<br>
ğŸŸ¨â¬œğŸŸ¨â¬œâ¬œ
<br>
â¬œâ¬œâ¬œâ¬œğŸŸ©
<br>
â¬œğŸŸ¨â¬œğŸŸ¨â¬œ
<br>
ğŸŸ©â¬œâ¬œğŸŸ©ğŸŸ©
<br>
ğŸŸ©ğŸŸ©ğŸŸ©ğŸŸ©ğŸŸ©
"
2024-12-17,true,,true,true,,"
<br><br>
I solved the 12/17/2024 New York Times Mini Crossword in 1:26!
<br><br>
"
2024-12-18,true,,true,true,,"
<br><br>
I solved the 12/18/2024 New York Times Mini Crossword in 5:31!
<br><br>
Connections
<br>
Puzzle #556
<br>
ğŸŸ©ğŸŸ©ğŸŸ©ğŸŸ©
<br>
ğŸŸ¦ğŸŸ¦ğŸŸ¦ğŸŸ¦
<br>
ğŸŸªğŸŸªğŸŸªğŸŸª
<br>
ğŸŸ¨ğŸŸ¨ğŸŸ¨ğŸŸ¨
<br><br>
Wordle 1,278 6/6
<br>
â¬œâ¬œâ¬œâ¬œğŸŸ¨
<br>
â¬œâ¬œâ¬œğŸŸ¨ğŸŸ¨
<br>
â¬œâ¬œâ¬œâ¬œâ¬œ
<br>
ğŸŸ¨ğŸŸ¨ğŸŸ¨â¬œâ¬œ
<br>
â¬œğŸŸ¨ğŸŸ¨â¬œğŸŸ¨
<br>
ğŸŸ©ğŸŸ©ğŸŸ©ğŸŸ©ğŸŸ©
"
2024-12-19,true,,true,true,,"
<br><br>
I solved the 12/19/2024 New York Times Mini Crossword in 2:49!
<br><br>
Connections
<br>
Puzzle #557
<br>
ğŸŸ¨ğŸŸ¨ğŸŸ¨ğŸŸ¨
<br>
ğŸŸ©ğŸŸ©ğŸŸªğŸŸ©
<br>
ğŸŸ©ğŸŸªğŸŸ©ğŸŸ©
<br>
ğŸŸªğŸŸªğŸŸªğŸŸª
<br>
ğŸŸ©ğŸŸ©ğŸŸ©ğŸŸ©
<br>
ğŸŸ¦ğŸŸ¦ğŸŸ¦ğŸŸ¦
<br><br>
Wordle 1,279 5/6
<br>
ğŸŸ¨â¬œâ¬œâ¬œâ¬œ
<br>
â¬œâ¬œâ¬œâ¬œğŸŸ¨
<br>
â¬œğŸŸ¨â¬œâ¬œğŸŸ¨
<br>
ğŸŸ©ğŸŸ©ğŸŸ¨ğŸŸ¨â¬œ
"
2024-12-20,true,,true,true,,"
<br><br>
I solved the 12/20/2024 New York Times Mini Crossword in 2:15!
<br><br>
Connections
<br>
Puzzle #558
<br>
ğŸŸ©ğŸŸ©ğŸŸ©ğŸŸ©
<br>
ğŸŸ¨ğŸŸ¨ğŸŸ¨ğŸŸ¨
<br>
ğŸŸ¦ğŸŸ¦ğŸŸ¦ğŸŸ¦
<br>
ğŸŸªğŸŸªğŸŸªğŸŸª
<br><br>
Wordle 1,280 5/6
<br>
ğŸŸ¨ğŸŸ©â¬œâ¬œâ¬œ
<br>
â¬œâ¬œâ¬œğŸŸ¨â¬œ
<br>
â¬œâ¬œâ¬œâ¬œğŸŸ¨
<br>
â¬œğŸŸ©ğŸŸ©ğŸŸ©ğŸŸ©
<br>
ğŸŸ©ğŸŸ©ğŸŸ©ğŸŸ©ğŸŸ©
"
2024-12-21,true,,true,true,,"
<br><br>
I solved the 12/21/2024 New York Times Mini Crossword in 5:27!
<br><br>
Connections
<br>
Puzzle #559
<br>
ğŸŸ©ğŸŸ©ğŸŸ©ğŸŸ©
<br>
ğŸŸ¦ğŸŸ¨ğŸŸ¦ğŸŸ¦
<br>
ğŸŸ¦ğŸŸ¦ğŸŸ¦ğŸŸ¨
<br>
ğŸŸ¦ğŸŸ¦ğŸŸ¦ğŸŸ¦
<br>
ğŸŸ¨ğŸŸ¨ğŸŸªğŸŸ¨
<br>
ğŸŸ¨ğŸŸ¨ğŸŸ¨ğŸŸ¨
<br>
ğŸŸªğŸŸªğŸŸªğŸŸª
<br><br>
Wordle 1,281 4/6
<br>
ğŸŸ¨ğŸŸ©â¬œâ¬œğŸŸ©
<br>
â¬œâ¬œâ¬œâ¬œâ¬œ
<br>
ğŸŸ¨â¬œâ¬œğŸŸ¨â¬œ
<br>
ğŸŸ©ğŸŸ©ğŸŸ©ğŸŸ©ğŸŸ©
"
2024-12-22,true,,true,true,,"
<br><br>
I solved the 12/22/2024 New York Times Mini Crossword in 9:40!
<br><br>
Connections
<br>
Puzzle #560
<br>
ğŸŸ©ğŸŸ©ğŸŸ©ğŸŸ©
<br>
ğŸŸ¦ğŸŸ¦ğŸŸ¦ğŸŸ¦
<br>
ğŸŸ¨ğŸŸ¨ğŸŸ¨ğŸŸ¨
<br>
ğŸŸªğŸŸªğŸŸªğŸŸª
<br><br>
Wordle 1,282 5/6
<br>
ğŸŸ¨â¬œâ¬œğŸŸ¨â¬œ
<br>
â¬œâ¬œâ¬œâ¬œâ¬œ
<br>
â¬œğŸŸ©â¬œğŸŸ¨â¬œ
<br>
ğŸŸ©ğŸŸ©ğŸŸ©ğŸŸ¨â¬œ
<br>
ğŸŸ©ğŸŸ©ğŸŸ©ğŸŸ©ğŸŸ©
"
2024-12-23,true,,true,true,,"
<br><br>
I solved the 12/23/2024 New York Times Mini Crossword in 5:44!
<br><br>
Connections
<br>
Puzzle #561
<br>
ğŸŸ¨ğŸŸ¨ğŸŸ¨ğŸŸ¨
<br>
ğŸŸ©ğŸŸªğŸŸ©ğŸŸ©
<br>
ğŸŸ©ğŸŸ©ğŸŸ©ğŸŸ©
<br>
ğŸŸªğŸŸªğŸŸªğŸŸª
<br>
ğŸŸ¦ğŸŸ¦ğŸŸ¦ğŸŸ¦
<br><br>
Wordle 1,283 4/6
<br>
ğŸŸ¨â¬œâ¬œğŸŸ©â¬œ
<br>
â¬œâ¬œâ¬œâ¬œâ¬œ
<br>
â¬œâ¬œğŸŸ©â¬œğŸŸ¨
<br>
ğŸŸ©ğŸŸ©ğŸŸ©ğŸŸ©ğŸŸ©
<br>
"
2024-12-24,true,,true,true,,"
<br><br>
I solved the 12/24/2024 New York Times Mini Crossword in 5:13!
<br><br>
Connections
<br>
Puzzle #562
<br>
ğŸŸ©ğŸŸ¦ğŸŸ©ğŸŸ©
<br>
ğŸŸ©ğŸŸ©ğŸŸ©ğŸŸ©
<br>
ğŸŸ¨ğŸŸªğŸŸ¦ğŸŸª
<br>
ğŸŸ¨ğŸŸ¨ğŸŸ¨ğŸŸ¨
<br>
ğŸŸ¦ğŸŸ¦ğŸŸ¦ğŸŸ¦
<br>
ğŸŸªğŸŸªğŸŸªğŸŸª
<br><br>
Wordle 1,284 5/6
<br>
ğŸŸ¨ğŸŸ¨â¬œâ¬œğŸŸ©
<br>
â¬œâ¬œğŸŸ©â¬œâ¬œ
<br>
â¬œâ¬œâ¬œâ¬œâ¬œ
<br>
ğŸŸ¨ğŸŸ©â¬œğŸŸ¨â¬œ
<br>
ğŸŸ©ğŸŸ©ğŸŸ©ğŸŸ©ğŸŸ©
"
2024-12-25,true,,true,true,,"
<br><br>
I solved the 12/25/2024 New York Times Mini Crossword in 6:29!
<br><br>
Connections
<br>
Puzzle #563
<br>
ğŸŸ©ğŸŸªğŸŸ¨ğŸŸ¦
<br>
ğŸŸ¨ğŸŸ©ğŸŸ¨ğŸŸ¨
<br>
ğŸŸ¨ğŸŸ¨ğŸŸ¨ğŸŸ¨
<br>
ğŸŸ©ğŸŸ©ğŸŸ©ğŸŸ©
<br>
ğŸŸ¦ğŸŸ¦ğŸŸ¦ğŸŸ¦
<br>
ğŸŸªğŸŸªğŸŸªğŸŸª
<br><br>
Wordle 1,285 4/6
<br>
ğŸŸ¨â¬œâ¬œâ¬œğŸŸ©
<br>
â¬œâ¬œâ¬œğŸŸ¨â¬œ
<br>
â¬œğŸŸ¨â¬œâ¬œğŸŸ¨
<br>
ğŸŸ©ğŸŸ©ğŸŸ©ğŸŸ©ğŸŸ©
"
2024-12-26,true,,true,true,,"
<br><br>
I solved the 12/26/2024 New York Times Mini Crossword in 3:51!
<br><br>
Connections
<br>
Puzzle #564
<br>
ğŸŸ¨ğŸŸ¨ğŸŸ¨ğŸŸ¨
<br>
ğŸŸ©ğŸŸ©ğŸŸªğŸŸ©
<br>
ğŸŸªğŸŸ©ğŸŸ©ğŸŸ©
<br>
ğŸŸ©ğŸŸ©ğŸŸ©ğŸŸ©
<br>
ğŸŸªğŸŸªğŸŸªğŸŸª
<br>
ğŸŸ¦ğŸŸ¦ğŸŸ¦ğŸŸ¦
<br><br>
Wordle 1,286 6/6
<br>
ğŸŸ©â¬œâ¬œâ¬œâ¬œ
<br>
â¬œğŸŸ¨â¬œâ¬œâ¬œ
<br>
â¬œâ¬œâ¬œâ¬œâ¬œ
<br>
â¬œğŸŸ¨â¬œâ¬œâ¬œ
<br>
ğŸŸ©â¬œâ¬œğŸŸ©â¬œ
<br>
ğŸŸ©ğŸŸ©ğŸŸ©ğŸŸ©ğŸŸ©
"
2024-12-27,true,,true,true,,"
<br><br>
I solved the 12/27/2024 New York Times Mini Crossword in 3:25!
<br><br>
Connections
<br>
Puzzle #565
<br>
ğŸŸ¨ğŸŸ¨ğŸŸ¨ğŸŸ¨
<br>
ğŸŸ©ğŸŸ©ğŸŸ©ğŸŸ©
<br>
ğŸŸªğŸŸªğŸŸ¦ğŸŸª
<br>
ğŸŸªğŸŸªğŸŸ¦ğŸŸª
<br>
ğŸŸªğŸŸ¦ğŸŸ¦ğŸŸª
<br>
ğŸŸªğŸŸªğŸŸªğŸŸª
<br>
ğŸŸ¦ğŸŸ¦ğŸŸ¦ğŸŸ¦
<br><br>
Wordle 1,287 4/6
<br>
ğŸŸ¨â¬œâ¬œğŸŸ¨â¬œ
<br>
â¬œğŸŸ¨ğŸŸ¨â¬œâ¬œ
<br>
â¬œğŸŸ©â¬œâ¬œâ¬œ
<br>
ğŸŸ©ğŸŸ©ğŸŸ©ğŸŸ©ğŸŸ©
"
2024-12-28,true,,true,true,,"
<br><br>
I solved the 12/28/2024 New York Times Mini Crossword in 4:51!
<br><br>
Connections
<br>
Puzzle #566
<br>
ğŸŸ¨ğŸŸ¨ğŸŸ¨ğŸŸ¨
<br>
ğŸŸ¦ğŸŸ©ğŸŸ©ğŸŸ©
<br>
ğŸŸ©ğŸŸ©ğŸŸ©ğŸŸ©
<br>
ğŸŸ¦ğŸŸªğŸŸ¦ğŸŸ¦
<br>
ğŸŸªğŸŸ¦ğŸŸ¦ğŸŸ¦
<br>
ğŸŸ¦ğŸŸ¦ğŸŸ¦ğŸŸ¦
<br>
ğŸŸªğŸŸªğŸŸªğŸŸª
<br><br>
Wordle 1,288 6/6
<br>
â¬œâ¬œâ¬œâ¬œğŸŸ¨
<br>
â¬œâ¬œâ¬œâ¬œâ¬œ
<br>
ğŸŸ©ğŸŸ¨â¬œâ¬œâ¬œ
<br>
â¬œğŸŸ©ğŸŸ¨â¬œâ¬œ
<br>
ğŸŸ©ğŸŸ©ğŸŸ©â¬œâ¬œ
<br>
ğŸŸ©ğŸŸ©ğŸŸ©ğŸŸ©ğŸŸ©
"
2024-12-29,true,,true,true,,"
<br><br>
I solved the 12/29/2024 New York Times Mini Crossword in 2:40!
<br><br>
Connections
<br>
Puzzle #567
<br>
ğŸŸ¨ğŸŸ¨ğŸŸ¨ğŸŸ¨
<br>
ğŸŸ©ğŸŸ©ğŸŸ©ğŸŸ©
<br>
ğŸŸªğŸŸ¦ğŸŸ¦ğŸŸ¦
<br>
ğŸŸªğŸŸªğŸŸ¦ğŸŸ¦
<br>
ğŸŸªğŸŸªğŸŸ¦ğŸŸ¦
<br>
ğŸŸ¦ğŸŸ¦ğŸŸ¦ğŸŸ¦
<br>
ğŸŸªğŸŸªğŸŸªğŸŸª
<br><br>
Wordle 1,289 5/6
<br>
ğŸŸ¨â¬œğŸŸ¨â¬œâ¬œ
<br>
ğŸŸ©â¬œâ¬œâ¬œâ¬œ
<br>
â¬œâ¬œâ¬œğŸŸ©â¬œ
<br>
â¬œğŸŸ©â¬œâ¬œâ¬œ
<br>
ğŸŸ©ğŸŸ©ğŸŸ©ğŸŸ©ğŸŸ©
"
2024-12-30,true,,true,true,,"
<br><br>
I solved the 12/30/2024 New York Times Mini Crossword in 4:59!
<br><br>
Connections
<br>
Puzzle #568
<br>
ğŸŸ©ğŸŸ©ğŸŸ©ğŸŸ©
<br>
ğŸŸ¦ğŸŸ¦ğŸŸ¦ğŸŸª
<br>
ğŸŸ¦ğŸŸ¨ğŸŸ¦ğŸŸ¦
<br>
ğŸŸ¨ğŸŸ¨ğŸŸ¨ğŸŸ¨
<br>
ğŸŸ¦ğŸŸ¦ğŸŸªğŸŸ¦
<br>
ğŸŸ¦ğŸŸ¦ğŸŸ¦ğŸŸ¦
<br>
ğŸŸªğŸŸªğŸŸªğŸŸª
<br><br>
Wordle 1,290 6/6
<br>
ğŸŸ¨â¬œâ¬œâ¬œğŸŸ©
<br>
â¬œâ¬œâ¬œâ¬œğŸŸ¨
<br>
â¬œğŸŸ¨â¬œâ¬œğŸŸ¨
<br>
ğŸŸ¨ğŸŸ¨ğŸŸ¨ğŸŸ¨ğŸŸ©
<br>
ğŸŸ©ğŸŸ©ğŸŸ©ğŸŸ©â¬œ
<br>
ğŸŸ©ğŸŸ©ğŸŸ©ğŸŸ©ğŸŸ©
"
2024-12-31,true,,true,true,,"
<br><br>
I solved the 12/31/2024 New York Times Mini Crossword in 2:23!
<br><br>
Connections
<br>
Puzzle #569
<br>
ğŸŸ¨ğŸŸ©ğŸŸ¨ğŸŸ¨
<br>
ğŸŸ¨ğŸŸ¨ğŸŸ¨ğŸŸ¨
<br>
ğŸŸ©ğŸŸ©ğŸŸ©ğŸŸ©
<br>
ğŸŸªğŸŸ¦ğŸŸªğŸŸª
<br>
ğŸŸ¦ğŸŸ¦ğŸŸ¦ğŸŸ¦
<br>
ğŸŸªğŸŸªğŸŸªğŸŸª
<br><br>
Wordle 1,291 5/6
<br>
â¬œğŸŸ¨â¬œâ¬œğŸŸ¨
<br>
â¬œğŸŸ¨ğŸŸ¨â¬œâ¬œ
<br>
â¬œğŸŸ¨ğŸŸ¨ğŸŸ¨ğŸŸ©
<br>
ğŸŸ©ğŸŸ©ğŸŸ©ğŸŸ©ğŸŸ©
"
2025-01-01,true,,true,true,,"
<br><br>
I solved the 01/01/2025 New York Times Mini Crossword in 3:19!
<br><br>
Connections
<br>
Puzzle #570
<br>
ğŸŸ¨ğŸŸ¨ğŸŸ¨ğŸŸ¨
<br>
ğŸŸ©ğŸŸ©ğŸŸ©ğŸŸ©
<br>
ğŸŸªğŸŸªğŸŸªğŸŸª
<br>
ğŸŸ¦ğŸŸ¦ğŸŸ¦ğŸŸ¦
<br><br>
Wordle 1,292 4/6
<br>
â¬œâ¬œâ¬œğŸŸ¨ğŸŸ©
<br>
â¬œâ¬œâ¬œâ¬œâ¬œ
<br>
â¬œğŸŸ¨â¬œâ¬œâ¬œ
<br>
ğŸŸ©ğŸŸ©ğŸŸ©ğŸŸ©ğŸŸ©
"
2025-01-02,true,,true,true,,"
<br><br>
I solved the 01/02/2025 New York Times Mini Crossword in 2:15!
<br><br>
Connections
<br>
Puzzle #571
<br>
ğŸŸ¦ğŸŸ¦ğŸŸ¦ğŸŸ¦
<br>
ğŸŸ©ğŸŸ©ğŸŸ©ğŸŸ©
<br>
ğŸŸªğŸŸªğŸŸªğŸŸª
<br>
ğŸŸ¨ğŸŸ¨ğŸŸ¨ğŸŸ¨
Wordle 1,293 6/6
<br>
â¬œâ¬œğŸŸ©â¬œğŸŸ©
<br>
â¬œâ¬œâ¬œğŸŸ¨â¬œ
<br>
â¬œâ¬œâ¬œâ¬œğŸŸ¨
<br>
ğŸŸ¨ğŸŸ©ğŸŸ©â¬œğŸŸ©
<br>
â¬œğŸŸ©ğŸŸ©ğŸŸ©ğŸŸ©
<br>
ğŸŸ©ğŸŸ©ğŸŸ©ğŸŸ©ğŸŸ©
"
2025-01-03,true,,true,true,,"
<br><br>
I solved the 01/03/2025 New York Times Mini Crossword in 2:42!
<br><br>
Connections
<br>
Puzzle #572
<br>
ğŸŸ¨ğŸŸ¨ğŸŸ¨ğŸŸ¨
<br>
ğŸŸ©ğŸŸ©ğŸŸ©ğŸŸ©
<br>
ğŸŸ¦ğŸŸ¦ğŸŸ¦ğŸŸ¦
<br>
ğŸŸªğŸŸªğŸŸªğŸŸª
<br><br>
Connections
Wordle 1,294 5/6
<br>
ğŸŸ¨â¬œâ¬œâ¬œğŸŸ¨
<br>
â¬œâ¬œâ¬œğŸŸ¨â¬œ
<br>
â¬œâ¬œâ¬œâ¬œâ¬œ
<br>
ğŸŸ¨ğŸŸ¨ğŸŸ¨ğŸŸ¨ğŸŸ¨
<br>
ğŸŸ©ğŸŸ©ğŸŸ©ğŸŸ©ğŸŸ©
"
2025-01-04,true,,true,true,,"
<br><br>
I solved the 01/04/2025 New York Times Mini Crossword in 2:23!
<br><br>
Connections
<br>
Puzzle #573
<br>
ğŸŸ¦ğŸŸ¦ğŸŸ¦ğŸŸ¦
<br>
ğŸŸ¨ğŸŸ¨ğŸŸ¨ğŸŸ¨
<br>
ğŸŸ©ğŸŸ©ğŸŸ©ğŸŸ©
<br>
ğŸŸªğŸŸªğŸŸªğŸŸª
<br><br>
Wordle 1,295 X/6
<br>
ğŸŸ¨ğŸŸ¨â¬œâ¬œğŸŸ¨
<br>
â¬œâ¬œâ¬œâ¬œâ¬œ
<br>
â¬œğŸŸ¨â¬œâ¬œâ¬œ
<br>
â¬œğŸŸ¨ğŸŸ¨ğŸŸ¨ğŸŸ¨
<br>
ğŸŸ©ğŸŸ©â¬œâ¬œğŸŸ¨
<br>
ğŸŸ©ğŸŸ©ğŸŸ©ğŸŸ©â¬œ
"
2025-01-05,true,,true,true,,"
<br><br>
I solved the 01/05/2025 New York Times Mini Crossword in 3:13!
<br><br>
Connections
<br>
Puzzle #574
<br>
ğŸŸ¨ğŸŸ¦ğŸŸ¨ğŸŸ¨
<br>
ğŸŸ¨ğŸŸ¨ğŸŸ¦ğŸŸ¨
<br>
ğŸŸªğŸŸªğŸŸªğŸŸª
<br>
ğŸŸ¦ğŸŸ¦ğŸŸ¦ğŸŸ¦
<br>
ğŸŸ©ğŸŸ©ğŸŸ©ğŸŸ©
<br>
ğŸŸ¨ğŸŸ¨ğŸŸ¨ğŸŸ¨
<br><br>
Wordle 1,296 6/6
<br>
â¬œâ¬œâ¬œâ¬œğŸŸ¨
<br>
â¬œâ¬œâ¬œâ¬œâ¬œ
<br>
â¬œğŸŸ¨â¬œğŸŸ¨â¬œ
<br>
â¬œğŸŸ¨ğŸŸ¨â¬œğŸŸ¨
<br>
â¬œâ¬œğŸŸ©ğŸŸ©ğŸŸ©
<br>
ğŸŸ©ğŸŸ©ğŸŸ©ğŸŸ©ğŸŸ©
"
2025-01-06,true,,true,true,,"
<br><br>
I solved the 01/06/2025 New York Times Mini Crossword in 2:19!
<br><br>
Connections
<br>
Puzzle #575
<br>
ğŸŸ©ğŸŸ¦ğŸŸ©ğŸŸ¦
<br>
ğŸŸ¦ğŸŸ¦ğŸŸ¦ğŸŸ¨
<br>
ğŸŸ¦ğŸŸ¨ğŸŸ¨ğŸŸ¨
<br>
ğŸŸ¨ğŸŸ¨ğŸŸ¨ğŸŸ¨
<br>
ğŸŸ©ğŸŸ©ğŸŸ©ğŸŸ©
<br>
ğŸŸ¦ğŸŸ¦ğŸŸ¦ğŸŸ¦
<br>
ğŸŸªğŸŸªğŸŸªğŸŸª
<br><br>
Wordle 1,297 6/6
<br>
â¬œâ¬œâ¬œâ¬œâ¬œ
<br>
â¬œğŸŸ¨ğŸŸ¨â¬œâ¬œ
<br>
â¬œğŸŸ¨â¬œâ¬œğŸŸ¨
<br>
â¬œğŸŸ¨ğŸŸ©â¬œğŸŸ¨
<br>
ğŸŸ©â¬œğŸŸ¨â¬œğŸŸ©
<br>
ğŸŸ©ğŸŸ©ğŸŸ©ğŸŸ©ğŸŸ©
"
2025-01-07,true,,true,true,,"
<br><br>
I solved the 01/07/2025 New York Times Mini Crossword in 13:23!
<br><br>
Connections
<br>
Puzzle #576
<br>
ğŸŸ©ğŸŸªğŸŸ©ğŸŸ©
<br>
ğŸŸ©ğŸŸ©ğŸŸªğŸŸ©
<br>
ğŸŸ¨ğŸŸ¨ğŸŸ¨ğŸŸ¨
<br>
ğŸŸ©ğŸŸªğŸŸ©ğŸŸ©
<br>
ğŸŸªğŸŸªğŸŸªğŸŸª
<br>
ğŸŸ©ğŸŸ©ğŸŸ©ğŸŸ©
<br>
ğŸŸ¦ğŸŸ¦ğŸŸ¦ğŸŸ¦
<br><br>
Wordle 1,298 4/6
<br>
ğŸŸ©ğŸŸ¨â¬œâ¬œâ¬œ
<br>
â¬œâ¬œâ¬œâ¬œğŸŸ¨
<br>
â¬œâ¬œâ¬œâ¬œğŸŸ©
<br>
ğŸŸ©ğŸŸ©ğŸŸ©ğŸŸ©ğŸŸ©
"
2025-01-08,true,,true,true,,"
<br><br>
I solved the 01/08/2025 New York Times Mini Crossword in 4:04!
<br><br>
Connections
<br>
Puzzle #577
<br>
ğŸŸªğŸŸ©ğŸŸªğŸŸ¨
<br>
ğŸŸ¨ğŸŸ¦ğŸŸ¨ğŸŸ¦
<br>
ğŸŸ¦ğŸŸ¨ğŸŸ¦ğŸŸ¨
<br>
ğŸŸ¦ğŸŸ¦ğŸŸ¦ğŸŸ¦
<br>
ğŸŸ©ğŸŸ©ğŸŸ©ğŸŸ©
<br>
ğŸŸ¨ğŸŸ¨ğŸŸ¨ğŸŸ¨
<br>
ğŸŸªğŸŸªğŸŸªğŸŸª
<br><br>
Wordle 1,299 4/6
<br>
ğŸŸ¨â¬œâ¬œâ¬œâ¬œ
<br>
â¬œâ¬œâ¬œâ¬œğŸŸ©
<br>
ğŸŸ©ğŸŸ©â¬œâ¬œâ¬œ
<br>
ğŸŸ©ğŸŸ©ğŸŸ©ğŸŸ©ğŸŸ©
"
2025-01-09,true,,true,true,,"
<br><br>
I solved the 01/09/2025 New York Times Mini Crossword in 4:43!
<br><br>
Connections
<br>
Puzzle #578
<br>
ğŸŸ¨ğŸŸ¨ğŸŸ¨ğŸŸ¨
<br>
ğŸŸ©ğŸŸ©ğŸŸ©ğŸŸ©
<br>
ğŸŸªğŸŸªğŸŸªğŸŸª
<br>
ğŸŸ¦ğŸŸ¦ğŸŸ¦ğŸŸ¦
<br><br>
Wordle 1,300 6/6
<br>
ğŸŸ¨â¬œâ¬œâ¬œğŸŸ¨
<br>
â¬œâ¬œâ¬œâ¬œâ¬œ
<br>
â¬œğŸŸ¨â¬œâ¬œâ¬œ
<br>
ğŸŸ¨ğŸŸ©â¬œâ¬œâ¬œ
<br>
ğŸŸ¨ğŸŸ©â¬œğŸŸ©ğŸŸ©
<br>
ğŸŸ©ğŸŸ©ğŸŸ©ğŸŸ©ğŸŸ©
"
2025-01-10,,,true,true,,"
<br><br>
Connections
<br>
Puzzle #579
<br>
ğŸŸ¨ğŸŸªğŸŸ¨ğŸŸª
<br>
ğŸŸªğŸŸ¨ğŸŸ¨ğŸŸ¨
<br>
ğŸŸ¨ğŸŸ¨ğŸŸ¨ğŸŸ¨
<br>
ğŸŸ©ğŸŸ©ğŸŸ©ğŸŸ©
<br>
ğŸŸ¦ğŸŸªğŸŸ¦ğŸŸ¦
<br>
ğŸŸ¦ğŸŸ¦ğŸŸ¦ğŸŸ¦
<br>
ğŸŸªğŸŸªğŸŸªğŸŸª
<br><br>
Wordle 1,301 4/6
<br>
ğŸŸ¨ğŸŸ¨â¬œâ¬œâ¬œ
<br>
â¬œâ¬œâ¬œâ¬œâ¬œ
<br>
â¬œğŸŸ©â¬œâ¬œâ¬œ
<br>
ğŸŸ©ğŸŸ©ğŸŸ©ğŸŸ©ğŸŸ©
"
2025-01-11,true,,true,true,,"
<br><br>
I solved the 01/11/2025 New York Times Mini Crossword in 4:41!
<br><br>
Connections
<br>
Puzzle #580
<br>
ğŸŸ¦ğŸŸªğŸŸ¦ğŸŸ¦
<br>
ğŸŸ©ğŸŸ¨ğŸŸ¨ğŸŸ¨
<br>
ğŸŸ¨ğŸŸ¨ğŸŸ¨ğŸŸ¨
<br>
ğŸŸ©ğŸŸ©ğŸŸ©ğŸŸ©
<br>
ğŸŸ¦ğŸŸªğŸŸ¦ğŸŸ¦
<br>
ğŸŸ¦ğŸŸ¦ğŸŸ¦ğŸŸ¦
<br>
ğŸŸªğŸŸªğŸŸªğŸŸª
<br><br>
Wordle 1,302 4/6
<br>
â¬œâ¬œâ¬œğŸŸ¨â¬œ
<br>
â¬œğŸŸ©ğŸŸ¨â¬œâ¬œ
<br>
ğŸŸ©â¬œâ¬œâ¬œâ¬œ
<br>
ğŸŸ©ğŸŸ©ğŸŸ©ğŸŸ©ğŸŸ©
"
2025-01-12,true,,true,true,,"
<br><br>
I solved the 01/12/2025 New York Times Mini Crossword in 6:35!
<br><br>
Connections
<br>
Puzzle #581
<br>
ğŸŸ¨ğŸŸ¨ğŸŸ©ğŸŸ¨
<br>
ğŸŸ¦ğŸŸ¦ğŸŸªğŸŸ¦
<br>
ğŸŸ©ğŸŸ©ğŸŸ©ğŸŸ©
<br>
ğŸŸ¦ğŸŸ¦ğŸŸªğŸŸ¦
<br>
ğŸŸ¦ğŸŸ¦ğŸŸ¦ğŸŸ¦
<br>
ğŸŸªğŸŸªğŸŸªğŸŸª
<br>
ğŸŸ¨ğŸŸ¨ğŸŸ¨ğŸŸ¨
<br><br>
Wordle 1,303 5/6
<br>
ğŸŸ¨ğŸŸ¨ğŸŸ¨â¬œâ¬œ
<br>
â¬œâ¬œâ¬œâ¬œâ¬œ
<br>
â¬œâ¬œâ¬œâ¬œğŸŸ¨
<br>
â¬œğŸŸ¨ğŸŸ¨ğŸŸ©ğŸŸ¨
<br>
ğŸŸ©ğŸŸ©ğŸŸ©ğŸŸ©ğŸŸ©
"
2025-01-13,true,,true,true,,"
<br><br>
I solved the 01/13/2025 New York Times Mini Crossword in 5:43!
<br><br>
Connections
<br>
Puzzle #582
<br>
ğŸŸ¨ğŸŸ¨ğŸŸ¨ğŸŸ¨
<br>
ğŸŸ©ğŸŸ¦ğŸŸ©ğŸŸ©
<br>
ğŸŸ©ğŸŸ¦ğŸŸ©ğŸŸ©
<br>
ğŸŸ¦ğŸŸ¦ğŸŸ¦ğŸŸ¦
<br>
ğŸŸ©ğŸŸ©ğŸŸ©ğŸŸ©
<br>
ğŸŸªğŸŸªğŸŸªğŸŸª
<br><br>
Wordle 1,304 4/6
<br>
ğŸŸ¨ğŸŸ©ğŸŸ©â¬œâ¬œ
<br>
â¬œâ¬œâ¬œâ¬œâ¬œ
<br>
â¬œâ¬œâ¬œâ¬œâ¬œ
<br>
ğŸŸ©ğŸŸ©ğŸŸ©ğŸŸ©ğŸŸ©
"
2025-01-14,true,,true,true,,"
<br><br>
I solved the 01/14/2025 New York Times Mini Crossword in 16:08!
<br><br>
Connections
<br>
Puzzle #583
<br>
ğŸŸ¨ğŸŸ©ğŸŸ¨ğŸŸ©
<br>
ğŸŸªğŸŸªğŸŸªğŸŸ¨
<br>
ğŸŸªğŸŸªğŸŸªğŸŸª
<br>
ğŸŸ¨ğŸŸ¨ğŸŸ¨ğŸŸ¨
<br>
ğŸŸ©ğŸŸ©ğŸŸ©ğŸŸ©
<br>
ğŸŸ¦ğŸŸ¦ğŸŸ¦ğŸŸ¦
<br><br>
Wordle 1,305 4/6
<br>
ğŸŸ¨â¬œâ¬œğŸŸ¨â¬œ
<br>
â¬œâ¬œâ¬œâ¬œâ¬œ
<br>
â¬œâ¬œâ¬œâ¬œâ¬œ
<br>
ğŸŸ©ğŸŸ©ğŸŸ©ğŸŸ©ğŸŸ©
"
2025-01-15,true,,true,true,,"
<br><br>
I solved the 01/15/2025 New York Times Mini Crossword in 7:25!
<br><br>
Connections
<br>
Puzzle #584
<br>
ğŸŸ¨ğŸŸªğŸŸ¨ğŸŸ¨
<br>
ğŸŸ¨ğŸŸ¨ğŸŸ¨ğŸŸ¨
<br>
ğŸŸ©ğŸŸ©ğŸŸ©ğŸŸ©
<br>
ğŸŸªğŸŸªğŸŸªğŸŸª
<br>
ğŸŸ¦ğŸŸ¦ğŸŸ¦ğŸŸ¦
<br><br>
Wordle 1,306 6/6
<br>
ğŸŸ¨â¬œâ¬œğŸŸ¨â¬œ
<br>
â¬œâ¬œâ¬œâ¬œâ¬œ
<br>
â¬œâ¬œâ¬œâ¬œâ¬œ
<br>
â¬œğŸŸ¨ğŸŸ¨ğŸŸ¨â¬œ
<br>
ğŸŸ¨â¬œğŸŸ©ğŸŸ¨ğŸŸ©
<br>
ğŸŸ©ğŸŸ©ğŸŸ©ğŸŸ©ğŸŸ©
"
2025-01-16,true,,true,true,,"
<br><br>
I solved the 01/16/2025 New York Times Mini Crossword in 4:12!
<br><br>
Connections
<br>
Puzzle #585
<br>
ğŸŸ¨ğŸŸªğŸŸ©ğŸŸ¨
<br>
ğŸŸ¦ğŸŸ¦ğŸŸ¦ğŸŸ¦
<br>
ğŸŸ©ğŸŸ©ğŸŸªğŸŸ©
<br>
ğŸŸ¨ğŸŸ¨ğŸŸ¨ğŸŸ¨
<br>
ğŸŸ©ğŸŸ©ğŸŸªğŸŸ©
<br>
ğŸŸªğŸŸªğŸŸªğŸŸª
<br>
ğŸŸ©ğŸŸ©ğŸŸ©ğŸŸ©
<br><br>
Wordle 1,307 4/6
<br>
â¬œğŸŸ©â¬œğŸŸ©â¬œ
<br>
â¬œğŸŸ¨â¬œâ¬œğŸŸ©
<br>
â¬œâ¬œâ¬œâ¬œâ¬œ
<br>
ğŸŸ©ğŸŸ©ğŸŸ©ğŸŸ©ğŸŸ©
"
2025-01-17,true,,true,true,,"
<br><br>
I solved the 01/17/2025 New York Times Mini Crossword in 3:38!
<br><br>
Connections
<br>
Puzzle #586
<br>
ğŸŸ¦ğŸŸ¦ğŸŸ¦ğŸŸ¦
<br>
ğŸŸ©ğŸŸ©ğŸŸ©ğŸŸ©
<br>
ğŸŸªğŸŸ¨ğŸŸ¨ğŸŸ¨
<br>
ğŸŸªğŸŸªğŸŸ¨ğŸŸª
<br>
ğŸŸ¨ğŸŸªğŸŸ¨ğŸŸª
<br>
ğŸŸ¨ğŸŸ¨ğŸŸ¨ğŸŸ¨
<br>
ğŸŸªğŸŸªğŸŸªğŸŸª
<br><br>
Wordle 1,308 4/6
<br>
â¬œâ¬œğŸŸ©â¬œğŸŸ©
<br>
â¬œâ¬œâ¬œâ¬œâ¬œ
<br>
â¬œğŸŸ©â¬œâ¬œğŸŸ¨
<br>
ğŸŸ©ğŸŸ©ğŸŸ©ğŸŸ©ğŸŸ©
"
2025-01-18,true,,true,true,,"
<br><br>
I solved the 01/18/2025 New York Times Mini Crossword in 6:34!
<br><br>
Connections
<br>
Puzzle #587
<br>
ğŸŸ¦ğŸŸ¦ğŸŸ¦ğŸŸ¦
<br>
ğŸŸ¨ğŸŸ¨ğŸŸ©ğŸŸ¨
<br>
ğŸŸ¨ğŸŸ©ğŸŸ¨ğŸŸ¨
<br>
ğŸŸ©ğŸŸ©ğŸŸ©ğŸŸ©
<br>
ğŸŸ¨ğŸŸ¨ğŸŸ¨ğŸŸ¨
<br>
ğŸŸªğŸŸªğŸŸªğŸŸª
<br><br>
Wordle 1,309 5/6
<br>
â¬œğŸŸ¨â¬œâ¬œâ¬œ
<br>
â¬œğŸŸ©â¬œâ¬œâ¬œ
<br>
â¬œâ¬œâ¬œâ¬œğŸŸ¨
<br>
â¬œğŸŸ©ğŸŸ©ğŸŸ©ğŸŸ¨
<br>
ğŸŸ©ğŸŸ©ğŸŸ©ğŸŸ©ğŸŸ©
"
2025-01-19,true,,true,true,,"
<br><br>
I solved the 01/19/2025 New York Times Mini Crossword in 2:56!
<br><br>
Connections
<br>
Puzzle #588
<br>
ğŸŸ¨ğŸŸ¦ğŸŸªğŸŸ¦
<br>
ğŸŸ¦ğŸŸªğŸŸ¦ğŸŸ¦
<br>
ğŸŸªğŸŸ¦ğŸŸ¦ğŸŸ¦
<br>
ğŸŸ©ğŸŸ©ğŸŸ©ğŸŸ©
<br>
ğŸŸªğŸŸªğŸŸªğŸŸª
<br>
ğŸŸ¦ğŸŸ¦ğŸŸ¦ğŸŸ¦
<br>
ğŸŸ¨ğŸŸ¨ğŸŸ¨ğŸŸ¨
<br><br>
Wordle 1,310 X/6
<br><br>
â¬œâ¬œğŸŸ¨â¬œğŸŸ¨
<br>
â¬œâ¬œâ¬œâ¬œâ¬œ
<br>
â¬œğŸŸ¨â¬œâ¬œâ¬œ
<br>
â¬œğŸŸ©ğŸŸ¨â¬œğŸŸ¨
<br>
â¬œğŸŸ©â¬œğŸŸ©ğŸŸ©
<br>
ğŸŸ©ğŸŸ©â¬œğŸŸ©ğŸŸ©
"
2025-01-20,true,,true,true,,"
<br><br>
I solved the 01/20/2025 New York Times Mini Crossword in 2:56!
<br><br>
Connections
<br>
Puzzle #589
<br>
ğŸŸ¦ğŸŸ¨ğŸŸ¦ğŸŸ¦
<br>
ğŸŸ¦ğŸŸ¦ğŸŸ¦ğŸŸ¦
<br>
ğŸŸ¨ğŸŸ¨ğŸŸ¨ğŸŸ¨
<br>
ğŸŸ©ğŸŸ©ğŸŸªğŸŸ©
<br>
ğŸŸ©ğŸŸ©ğŸŸ©ğŸŸ©
<br>
ğŸŸªğŸŸªğŸŸªğŸŸª
<br><br>
Wordle 1,311 4/6
<br>
â¬œâ¬œâ¬œâ¬œâ¬œ
<br>
â¬œğŸŸ¨â¬œâ¬œâ¬œ
<br>
ğŸŸ¨â¬œğŸŸ©â¬œğŸŸ¨
<br>
ğŸŸ©ğŸŸ©ğŸŸ©ğŸŸ©ğŸŸ©
"
2025-01-21,true,,true,true,,"
<br><br>
I solved the 01/21/2025 New York Times Mini Crossword in 6:57!
<br><br>
Connections
<br>
Puzzle #590
<br>
ğŸŸ¨ğŸŸ¨ğŸŸ¦ğŸŸ¦
<br>
ğŸŸ¨ğŸŸ¦ğŸŸ¨ğŸŸ¨
<br>
ğŸŸ¨ğŸŸ¨ğŸŸ¦ğŸŸ¨
<br>
ğŸŸ¨ğŸŸ¨ğŸŸ¨ğŸŸ¨
<br>
ğŸŸ©ğŸŸ©ğŸŸ©ğŸŸ©
<br>
ğŸŸ¦ğŸŸ¦ğŸŸ¦ğŸŸ¦
<br>
ğŸŸªğŸŸªğŸŸªğŸŸª
<br><br>
Wordle 1,312 6/6
<br>
â¬œâ¬œâ¬œğŸŸ©â¬œ
<br>
â¬œğŸŸ¨ğŸŸ¨â¬œâ¬œ
<br>
â¬œâ¬œâ¬œâ¬œâ¬œ
<br>
â¬œğŸŸ¨ğŸŸ©ğŸŸ©ğŸŸ©
<br>
â¬œâ¬œğŸŸ©ğŸŸ©ğŸŸ©
<br>
ğŸŸ©ğŸŸ©ğŸŸ©ğŸŸ©ğŸŸ©
"
2025-01-22,true,,true,true,,"
<br><br>
I solved the 01/22/2025 New York Times Mini Crossword in 3:13!
<br><br>
Connections
<br>
Puzzle #591
<br>
ğŸŸ¨ğŸŸ¨ğŸŸ¨ğŸŸ¨
<br>
ğŸŸ©ğŸŸ©ğŸŸ©ğŸŸ©
<br>
ğŸŸ¦ğŸŸ¦ğŸŸ¦ğŸŸ¦
<br>
ğŸŸªğŸŸªğŸŸªğŸŸª
<br><br>
Wordle 1,313 4/6
<br>
ğŸŸ¨â¬œâ¬œâ¬œğŸŸ¨
<br>
â¬œâ¬œâ¬œğŸŸ¨â¬œ
<br>
â¬œğŸŸ¨â¬œâ¬œâ¬œ
<br>
ğŸŸ©ğŸŸ©ğŸŸ©ğŸŸ©ğŸŸ©
"
2025-01-23,true,,true,true,,"
<br><br>
I solved the 01/23/2025 New York Times Mini Crossword in 4:25!
<br><br>
Connections
<br>
Puzzle #592
<br>
ğŸŸ¦ğŸŸ¦ğŸŸ¦ğŸŸ¦
<br>
ğŸŸ©ğŸŸªğŸŸ¨ğŸŸ¨
<br>
ğŸŸªğŸŸ©ğŸŸ©ğŸŸª
<br>
ğŸŸ©ğŸŸ©ğŸŸ©ğŸŸ©
ğŸŸ¨ğŸŸªğŸŸ¨ğŸŸ¨
<br>
ğŸŸ¨ğŸŸ¨ğŸŸ¨ğŸŸ¨
<br>
ğŸŸªğŸŸªğŸŸªğŸŸª
<br><br>
Wordle 1,314 6/6
<br>
â¬œâ¬œâ¬œâ¬œğŸŸ¨
<br>
â¬œâ¬œâ¬œâ¬œâ¬œ
<br>
â¬œğŸŸ¨ğŸŸ¨â¬œâ¬œ
<br>
ğŸŸ¨ğŸŸ¨ğŸŸ¨â¬œâ¬œ
<br>
ğŸŸ¨ğŸŸ¨ğŸŸ©ğŸŸ©â¬œ
<br>
ğŸŸ©ğŸŸ©ğŸŸ©ğŸŸ©ğŸŸ©
"
2025-01-24,true,,true,true,,"
<br><br>
I solved the 01/24/2025 New York Times Mini Crossword in 3:35!
<br><br>
Connections
<br>
Puzzle #592
<br>
ğŸŸ¦ğŸŸ¦ğŸŸ¦ğŸŸ¦
<br>
ğŸŸ©ğŸŸªğŸŸ¨ğŸŸ¨
<br>
ğŸŸªğŸŸ©ğŸŸ©ğŸŸª
<br>
ğŸŸ©ğŸŸ©ğŸŸ©ğŸŸ©
ğŸŸ¨ğŸŸªğŸŸ¨ğŸŸ¨
<br>
ğŸŸ¨ğŸŸ¨ğŸŸ¨ğŸŸ¨
<br>
ğŸŸªğŸŸªğŸŸªğŸŸª
<br><br>
Wordle 1,314 6/6
<br>
â¬œâ¬œâ¬œâ¬œğŸŸ¨
<br>
â¬œâ¬œâ¬œâ¬œâ¬œ
<br>
â¬œğŸŸ¨ğŸŸ¨â¬œâ¬œ
<br>
ğŸŸ¨ğŸŸ¨ğŸŸ¨â¬œâ¬œ
<br>
ğŸŸ¨ğŸŸ¨ğŸŸ©ğŸŸ©â¬œ
<br>
ğŸŸ©ğŸŸ©ğŸŸ©ğŸŸ©ğŸŸ©
"
2025-01-25,true,,true,true,,"
<br><br>
I solved the 01/25/2025 New York Times Mini Crossword in 3:44!
<br><br>
Connections
<br>
Puzzle #594
ğŸŸ¨ğŸŸ¨ğŸŸ¨ğŸŸ¨
<br>
ğŸŸ©ğŸŸªğŸŸ©ğŸŸ©
<br>
ğŸŸ©ğŸŸ©ğŸŸªğŸŸ©
<br>
ğŸŸ©ğŸŸ©ğŸŸ©ğŸŸ©
<br>
ğŸŸ¦ğŸŸ¦ğŸŸ¦ğŸŸ¦
<br>
ğŸŸªğŸŸªğŸŸªğŸŸª
<br><br>
Wordle 1,316 5/6
<br>
â¬œâ¬œâ¬œâ¬œâ¬œ
<br>
â¬œğŸŸ¨â¬œâ¬œâ¬œ
<br>
â¬œğŸŸ©â¬œâ¬œğŸŸ¨
<br>
â¬œğŸŸ©ğŸŸ©ğŸŸ©â¬œ
<br>
ğŸŸ©ğŸŸ©ğŸŸ©ğŸŸ©ğŸŸ©
"
2025-01-26,true,,true,true,,"
<br><br>
I solved the 01/26/2025 New York Times Mini Crossword in 2:43!
<br><br>
Connections
<br>
Puzzle #595
<br>
ğŸŸ¨ğŸŸ¨ğŸŸ¨ğŸŸ¨
<br>
ğŸŸ©ğŸŸ©ğŸŸ©ğŸŸ©
<br>
ğŸŸ¦ğŸŸ¦ğŸŸ¦ğŸŸ¦
<br>
ğŸŸªğŸŸªğŸŸªğŸŸª
<br><br>
Wordle 1,317 5/6
<br>
â¬œâ¬œâ¬œğŸŸ©â¬œ
<br>
â¬œâ¬œâ¬œâ¬œâ¬œ
<br>
â¬œâ¬œğŸŸ¨â¬œğŸŸ¨
<br>
ğŸŸ©â¬œğŸŸ¨ğŸŸ©â¬œ
<br>
ğŸŸ©ğŸŸ©ğŸŸ©ğŸŸ©ğŸŸ©
"
2025-01-27,true,,true,true,,"
<br><br>
I solved the 01/27/2025 New York Times Mini Crossword in 3:02!
<br><br>
Connections
<br>
Puzzle #596
<br>
ğŸŸ¨ğŸŸ¨ğŸŸ¨ğŸŸ¨
<br>
ğŸŸ©ğŸŸ©ğŸŸ©ğŸŸ©
<br>
ğŸŸ¦ğŸŸ¦ğŸŸ¦ğŸŸ¦
<br>
ğŸŸªğŸŸªğŸŸªğŸŸª
<br><br>
Wordle 1,318 4/6
<br>
â¬œâ¬œâ¬œğŸŸ©â¬œ
<br>
â¬œâ¬œâ¬œğŸŸ¨ğŸŸ©
<br>
â¬œâ¬œğŸŸ©â¬œğŸŸ¨
<br>
ğŸŸ©ğŸŸ©ğŸŸ©ğŸŸ©ğŸŸ©
"
2025-01-28,true,,true,true,,"
<br><br>
I solved the 01/28/2025 New York Times Mini Crossword in 3:02!
<br><br>
Connections
<br>
Puzzle #597
<br>
ğŸŸ¨ğŸŸ¨ğŸŸ¦ğŸŸ¦
<br>
ğŸŸ©ğŸŸ¦ğŸŸªğŸŸ©
<br>
ğŸŸ©ğŸŸ©ğŸŸ©ğŸŸ©
<br>
ğŸŸ¨ğŸŸ¨ğŸŸ¦ğŸŸ¨
<br>
ğŸŸ¨ğŸŸ¨ğŸŸ¨ğŸŸ¨
<br>
ğŸŸ¦ğŸŸ¦ğŸŸ¦ğŸŸ¦
<br>
ğŸŸªğŸŸªğŸŸªğŸŸª
<br><br>
Wordle 1,319 X/6
<br>
â¬œâ¬œâ¬œâ¬œğŸŸ¨
<br>
â¬œâ¬œâ¬œâ¬œâ¬œ
<br>
â¬œğŸŸ¨â¬œâ¬œâ¬œ
<br>
â¬œğŸŸ©ğŸŸ¨â¬œâ¬œ
<br>
â¬œğŸŸ©ğŸŸ¨ğŸŸ©ğŸŸ©
<br>
ğŸŸ©ğŸŸ©â¬œğŸŸ©ğŸŸ©
"
2025-01-29,true,,true,true,,"
<br><br>
I solved the 01/29/2025 New York Times Mini Crossword in 2:36!
<br><br>
Connections
<br>
Puzzle #598
<br>
ğŸŸ©ğŸŸªğŸŸ©ğŸŸ©
<br>
ğŸŸ©ğŸŸ©ğŸŸ©ğŸŸ©
<br>
ğŸŸ¨ğŸŸ¨ğŸŸ¨ğŸŸ¨
<br>
ğŸŸ¦ğŸŸ¦ğŸŸ¦ğŸŸ¦
<br>
ğŸŸªğŸŸªğŸŸªğŸŸª
<br><br>
Wordle 1,320 6/6
<br>
â¬œâ¬œâ¬œâ¬œğŸŸ¨
<br>
â¬œâ¬œâ¬œâ¬œâ¬œ
<br>
ğŸŸ¨ğŸŸ¨ğŸŸ¨â¬œâ¬œ
<br>
â¬œğŸŸ¨ğŸŸ¨ğŸŸ©ğŸŸ¨
<br>
ğŸŸ©â¬œğŸŸ©ğŸŸ©ğŸŸ©
<br>
ğŸŸ©ğŸŸ©ğŸŸ©ğŸŸ©ğŸŸ©
"
2025-01-30,true,,true,true,,"
<br><br>
I solved the 01/30/2025 New York Times Mini Crossword in 2:58!
<br><br>
Connections
<br>
Puzzle #599
<br>
ğŸŸªğŸŸ©ğŸŸ©ğŸŸ©
<br>
ğŸŸªğŸŸ©ğŸŸ©ğŸŸ©
<br>
ğŸŸ¨ğŸŸ¨ğŸŸ¨ğŸŸ¨
<br>
ğŸŸ©ğŸŸ©ğŸŸ©ğŸŸ©
<br>
ğŸŸ¦ğŸŸ¦ğŸŸ¦ğŸŸ¦
<br>
ğŸŸªğŸŸªğŸŸªğŸŸª
<br><br>
Wordle 1,321 5/6
<br>
ğŸŸ¨ğŸŸ¨â¬œâ¬œğŸŸ©
<br>
â¬œâ¬œâ¬œâ¬œâ¬œ
<br>
â¬œâ¬œâ¬œâ¬œğŸŸ¨
<br>
ğŸŸ¨ğŸŸ¨ğŸŸ¨â¬œğŸŸ©
<br>
ğŸŸ©ğŸŸ©ğŸŸ©ğŸŸ©ğŸŸ©
"
2025-01-31,true,,true,true,,"
<br><br>
I solved the 01/31/2025 New York Times Mini Crossword in 1:49!
<br><br>
Connections
<br>
Puzzle #600
<br>
ğŸŸ¨ğŸŸ¨ğŸŸ¨ğŸŸ¨
<br>
ğŸŸªğŸŸªğŸŸªğŸŸª
<br>
ğŸŸ¦ğŸŸ¦ğŸŸ¦ğŸŸ¦
<br>
ğŸŸ©ğŸŸ©ğŸŸ©ğŸŸ©
<br><br>
Wordle 1,322 5/6
<br>
ğŸŸ¨â¬œğŸŸ¨â¬œâ¬œ
<br>
â¬œâ¬œâ¬œâ¬œğŸŸ©
<br>
â¬œâ¬œâ¬œâ¬œğŸŸ¨
<br>
â¬œğŸŸ©ğŸŸ©ğŸŸ©ğŸŸ©
<br>
ğŸŸ©ğŸŸ©ğŸŸ©ğŸŸ©ğŸŸ©
"
2025-02-01,true,,true,true,,"
<br><br>
I solved the 02/01/2025 New York Times Mini Crossword in 5:23!
<br><br>
Connections
<br>
Puzzle #601
<br>
ğŸŸ¨ğŸŸ¨ğŸŸ¨ğŸŸ¨
<br>
ğŸŸ©ğŸŸ©ğŸŸ¦ğŸŸ©
<br>
ğŸŸ©ğŸŸ©ğŸŸ©ğŸŸ©
<br>
ğŸŸ¦ğŸŸ¦ğŸŸ¦ğŸŸª
<br>
ğŸŸ¦ğŸŸ¦ğŸŸªğŸŸ¦
<br>
ğŸŸ¦ğŸŸ¦ğŸŸ¦ğŸŸ¦
<br>
ğŸŸªğŸŸªğŸŸªğŸŸª
<br><br>
Wordle 1,323 5/6
<br>
â¬œâ¬œâ¬œâ¬œğŸŸ¨
<br>
â¬œğŸŸ©â¬œâ¬œğŸŸ©
<br>
â¬œğŸŸ¨â¬œâ¬œâ¬œ
<br>
â¬œğŸŸ©â¬œâ¬œâ¬œ
<br>
ğŸŸ©ğŸŸ©ğŸŸ©ğŸŸ©ğŸŸ©
"
2025-02-02,true,,true,true,,"
<br><br>
I solved the 02/02/2025 New York Times Mini Crossword in 5:39!
<br><br>
Connections
<br>
Puzzle #602
<br>
ğŸŸ©ğŸŸ©ğŸŸ©ğŸŸ¦
<br>
ğŸŸ©ğŸŸ©ğŸŸ©ğŸŸ©
<br>
ğŸŸ¨ğŸŸ¨ğŸŸ¨ğŸŸ¨
<br>
ğŸŸªğŸŸªğŸŸªğŸŸª
<br>
ğŸŸ¦ğŸŸ¦ğŸŸ¦ğŸŸ¦
<br><br>
Wordle 1,324 5/6
<br>
â¬œâ¬œğŸŸ©â¬œğŸŸ©
<br>
â¬œâ¬œâ¬œğŸŸ¨â¬œ
<br>
â¬œğŸŸ¨â¬œâ¬œâ¬œ
<br>
â¬œğŸŸ©ğŸŸ©ğŸŸ©ğŸŸ©
<br>
ğŸŸ©ğŸŸ©ğŸŸ©ğŸŸ©ğŸŸ©
"
2025-02-03,true,,true,true,,"
<br><br>
I solved the 02/03/2025 New York Times Mini Crossword in 2:02!
<br><br>
Connections
<br>
Puzzle #603
<br>
ğŸŸ¦ğŸŸ©ğŸŸ©ğŸŸ©
<br>
ğŸŸ©ğŸŸ©ğŸŸ©ğŸŸ©
<br>
ğŸŸ¦ğŸŸ¦ğŸŸ¦ğŸŸ¦
<br>
ğŸŸªğŸŸ¨ğŸŸ¨ğŸŸ¨
<br>
ğŸŸ¨ğŸŸ¨ğŸŸ¨ğŸŸ¨
<br>
ğŸŸªğŸŸªğŸŸªğŸŸª
<br><br>
Wordle 1,325 6/6
<br>
â¬œâ¬œâ¬œâ¬œğŸŸ©
<br>
â¬œâ¬œâ¬œâ¬œâ¬œ
<br>
â¬œğŸŸ¨ğŸŸ¨â¬œâ¬œ
<br>
â¬œğŸŸ©ğŸŸ¨â¬œâ¬œ
<br>
ğŸŸ©ğŸŸ©â¬œğŸŸ©ğŸŸ©
<br>
ğŸŸ©ğŸŸ©ğŸŸ©ğŸŸ©ğŸŸ©
"
2025-02-04,true,,true,true,,"
<br><br>
I solved the 02/04/2025 New York Times Mini Crossword in 4:28!
<br><br>
Connections
<br>
Puzzle #604
<br>
ğŸŸ¨ğŸŸ¨ğŸŸ¨ğŸŸ¨
<br>
ğŸŸ©ğŸŸ©ğŸŸ©ğŸŸ©
<br>
ğŸŸªğŸŸªğŸŸªğŸŸª
<br>
ğŸŸ¦ğŸŸ¦ğŸŸ¦ğŸŸ¦
<br><br>
Wordle 1,326 5/6
<br>
â¬œâ¬œğŸŸ©â¬œâ¬œ
<br>
â¬œâ¬œâ¬œğŸŸ¨ğŸŸ¨
<br>
â¬œâ¬œâ¬œâ¬œâ¬œ
<br>
â¬œğŸŸ©ğŸŸ©ğŸŸ©ğŸŸ©
<br>
ğŸŸ©ğŸŸ©ğŸŸ©ğŸŸ©ğŸŸ©
"
2025-02-05,true,,true,true,,"
<br><br>
I solved the 02/05/2025 New York Times Mini Crossword in 3:28!
<br><br>
Connections
<br>
Puzzle #605
<br>
ğŸŸ¨ğŸŸ¨ğŸŸ¨ğŸŸ¨
<br>
ğŸŸ©ğŸŸ¦ğŸŸ¦ğŸŸ¦
<br>
ğŸŸ¦ğŸŸ¦ğŸŸ©ğŸŸ¦
<br>
ğŸŸ¦ğŸŸ¦ğŸŸ¦ğŸŸ¦
<br>
ğŸŸ©ğŸŸ©ğŸŸªğŸŸ©
<br>
ğŸŸ©ğŸŸ©ğŸŸ©ğŸŸ©
<br>
ğŸŸªğŸŸªğŸŸªğŸŸª
<br><br>
Wordle 1,327 X/6
<br>
ğŸŸ¨ğŸŸ¨â¬œâ¬œğŸŸ¨
<br>
â¬œâ¬œâ¬œâ¬œâ¬œ
<br>
ğŸŸ¨â¬œâ¬œâ¬œâ¬œ
<br>
ğŸŸ¨ğŸŸ¨â¬œğŸŸ¨ğŸŸ¨
<br>
ğŸŸ¨ğŸŸ¨ğŸŸ¨â¬œğŸŸ¨
<br>
ğŸŸ©ğŸŸ¨ğŸŸ©ğŸŸ¨ğŸŸ¨
"
2025-02-06,true,,true,true,,"
<br><br>
I solved the 02/06/2025 New York Times Mini Crossword in 3:48!
<br><br>
Connections
<br>
Puzzle #606
<br>
ğŸŸ¨ğŸŸ¨ğŸŸ¨ğŸŸ¨
<br>
ğŸŸ©ğŸŸ©ğŸŸ©ğŸŸ©
<br>
ğŸŸ¦ğŸŸ¦ğŸŸ¦ğŸŸ¦
<br>
ğŸŸªğŸŸªğŸŸªğŸŸª
<br><br>
Wordle 1,328 6/6
<br>
â¬œğŸŸ¨â¬œâ¬œâ¬œ
<br>
â¬œğŸŸ¨â¬œâ¬œâ¬œ
<br>
â¬œâ¬œğŸŸ¨â¬œâ¬œ
<br>
ğŸŸ©ğŸŸ¨ğŸŸ¨â¬œâ¬œ
<br>
ğŸŸ©ğŸŸ©ğŸŸ¨â¬œğŸŸ¨
<br>
ğŸŸ©ğŸŸ©ğŸŸ©ğŸŸ©ğŸŸ©
"
2025-02-07,true,,true,true,,"
<br><br>
I solved the 02/07/2025 New York Times Mini Crossword in 2:29!
<br><br>
Connections
<br>
Puzzle #607
<br>
ğŸŸ¨ğŸŸ¨ğŸŸ¨ğŸŸ¨
<br>
ğŸŸ©ğŸŸ©ğŸŸ©ğŸŸ©
<br>
ğŸŸ¦ğŸŸªğŸŸ¦ğŸŸ¦
<br>
ğŸŸ¦ğŸŸ¦ğŸŸªğŸŸ¦
<br>
ğŸŸ¦ğŸŸ¦ğŸŸ¦ğŸŸª
<br>
ğŸŸ¦ğŸŸ¦ğŸŸ¦ğŸŸ¦
<br>
ğŸŸªğŸŸªğŸŸªğŸŸª
<br><br>
Wordle 1,329 5/6
<br>
ğŸŸ¨â¬œâ¬œâ¬œâ¬œ
<br>
â¬œâ¬œâ¬œğŸŸ¨ğŸŸ¨
<br>
â¬œâ¬œâ¬œâ¬œğŸŸ¨
<br>
ğŸŸ©ğŸŸ¨ğŸŸ©â¬œâ¬œ
<br>
ğŸŸ©ğŸŸ©ğŸŸ©ğŸŸ©ğŸŸ©
"
2025-02-08,true,,true,true,,"
<br><br>
I solved the 02/08/2025 New York Times Mini Crossword in 5:32!
<br><br>
Connections
<br>
Puzzle #608
<br>
ğŸŸ¨ğŸŸ¨ğŸŸ¨ğŸŸ¨
<br>
ğŸŸ¦ğŸŸ¦ğŸŸ¦ğŸŸ¦
<br>
ğŸŸªğŸŸªğŸŸªğŸŸª
<br>
ğŸŸ©ğŸŸ©ğŸŸ©ğŸŸ©
<br><br>
Wordle 1,330 6/6
<br>
â¬œâ¬œâ¬œâ¬œğŸŸ¨
<br>
â¬œâ¬œâ¬œâ¬œğŸŸ¨
<br>
â¬œâ¬œâ¬œâ¬œğŸŸ¨
<br>
ğŸŸ¨ğŸŸ¨ğŸŸ¨â¬œâ¬œ
<br>
ğŸŸ©ğŸŸ©ğŸŸ©ğŸŸ¨â¬œ
<br>
ğŸŸ©ğŸŸ©ğŸŸ©ğŸŸ©ğŸŸ©
"
2025-02-09,true,,true,true,,"
<br><br>
I solved the 02/09/2025 New York Times Mini Crossword in 1:31!
<br><br>
Connections
<br>
Puzzle #609
<br>
ğŸŸ¦ğŸŸ¦ğŸŸ¦ğŸŸª
<br>
ğŸŸ¨ğŸŸ©ğŸŸ¨ğŸŸª
<br>
ğŸŸ©ğŸŸ©ğŸŸ©ğŸŸ©
<br>
ğŸŸ¦ğŸŸ¦ğŸŸ¦ğŸŸ¦
<br>
ğŸŸªğŸŸªğŸŸªğŸŸª
<br>
ğŸŸ¨ğŸŸ¨ğŸŸ¨ğŸŸ¨
<br><br>
Wordle 1,331 4/6
<br>
â¬œâ¬œğŸŸ¨ğŸŸ¨â¬œ
<br>
â¬œâ¬œâ¬œâ¬œâ¬œ
<br>
â¬œâ¬œğŸŸ¨ğŸŸ¨ğŸŸ©
<br>
ğŸŸ©ğŸŸ©ğŸŸ©ğŸŸ©ğŸŸ©
"
2025-02-10,true,,true,true,,"
<br><br>
I solved the 02/10/2025 New York Times Mini Crossword in 3:42!
<br><br>
Connections
<br>
Puzzle #610
<br>
ğŸŸ¨ğŸŸ¨ğŸŸ¨ğŸŸ¨
<br>
ğŸŸ©ğŸŸ©ğŸŸ©ğŸŸ©
<br>
ğŸŸ¦ğŸŸ¦ğŸŸ¦ğŸŸ¦
<br>
ğŸŸªğŸŸªğŸŸªğŸŸª
<br><br>
Wordle 1,332 5/6
<br>
â¬œâ¬œğŸŸ©â¬œâ¬œ
<br>
â¬œâ¬œğŸŸ¨â¬œâ¬œ
<br>
ğŸŸ¨â¬œâ¬œâ¬œâ¬œ
<br>
ğŸŸ©ğŸŸ©ğŸŸ©ğŸŸ©â¬œ
<br>
ğŸŸ©ğŸŸ©ğŸŸ©ğŸŸ©ğŸŸ©
"
2025-02-11,true,,true,true,,"
<br><br>
I solved the 02/11/2025 New York Times Mini Crossword in 1:30!
<br><br>
Connections
<br>
Puzzle #611
<br>
ğŸŸªğŸŸ©ğŸŸ©ğŸŸ¨
<br>
ğŸŸ¨ğŸŸ©ğŸŸ¨ğŸŸ¨
<br>
ğŸŸ¨ğŸŸ¨ğŸŸ¦ğŸŸ¨
<br>
ğŸŸ¨ğŸŸ¨ğŸŸ¨ğŸŸ¨
<br>
ğŸŸ©ğŸŸ©ğŸŸ©ğŸŸ©
<br>
ğŸŸ¦ğŸŸ¦ğŸŸ¦ğŸŸ¦
<br>
ğŸŸªğŸŸªğŸŸªğŸŸª
<br><br>
Wordle 1,333 4/6
<br>
â¬œâ¬œğŸŸ©â¬œğŸŸ©
<br>
â¬œâ¬œâ¬œâ¬œâ¬œ
<br>
â¬œğŸŸ¨â¬œâ¬œğŸŸ¨
<br>
ğŸŸ©ğŸŸ©ğŸŸ©ğŸŸ©ğŸŸ©
"
2025-02-12,true,,true,true,,"
<br><br>
I solved the 02/12/2025 New York Times Mini Crossword in 3:20!
<br><br>
Connections
<br>
Puzzle #612
<br>
ğŸŸ¨ğŸŸ¨ğŸŸ¨ğŸŸ¨
<br>
ğŸŸ¦ğŸŸ¦ğŸŸ¦ğŸŸ¦
<br>
ğŸŸ©ğŸŸ©ğŸŸ©ğŸŸ©
<br>
ğŸŸªğŸŸªğŸŸªğŸŸª
<br><br>
Wordle 1,334 5/6
<br>
ğŸŸ¨â¬œâ¬œâ¬œâ¬œ
<br>
â¬œğŸŸ¨â¬œâ¬œâ¬œ
<br>
ğŸŸ¨ğŸŸ¨â¬œâ¬œâ¬œ
<br>
ğŸŸ¨ğŸŸ©ğŸŸ¨ğŸŸ©ğŸŸ©
<br>
ğŸŸ©ğŸŸ©ğŸŸ©ğŸŸ©ğŸŸ©
"
2025-02-13,true,,true,true,,"
<br><br>
I solved the 02/13/2025 New York Times Mini Crossword in 8:19!
<br><br>
Connections
<br>
Puzzle #613
<br>
ğŸŸ¦ğŸŸ¦ğŸŸ¦ğŸŸ¦
<br>
ğŸŸ¨ğŸŸ¨ğŸŸ¨ğŸŸ¨
<br>
ğŸŸªğŸŸªğŸŸªğŸŸª
<br>
ğŸŸ©ğŸŸ©ğŸŸ©ğŸŸ©
<br><br>
Wordle 1,335 4/6
<br>
ğŸŸ¨â¬œâ¬œâ¬œâ¬œ
<br>
ğŸŸ¨â¬œâ¬œâ¬œâ¬œ
<br>
â¬œğŸŸ¨ğŸŸ¨ğŸŸ©â¬œ
<br>
ğŸŸ©ğŸŸ©ğŸŸ©ğŸŸ©ğŸŸ©
"
2025-02-14,true,,true,true,,"
<br><br>
I solved the 02/14/2025 New York Times Mini Crossword in 4:38!
<br><br>
Connections
<br>
Puzzle #614
<br>
ğŸŸ¨ğŸŸ¨ğŸŸ¨ğŸŸ¨
<br>
ğŸŸ¦ğŸŸ¦ğŸŸ¦ğŸŸ¦
<br>
ğŸŸ©ğŸŸ©ğŸŸ©ğŸŸ©
<br>
ğŸŸªğŸŸªğŸŸªğŸŸª
<br><br>
Wordle 1,336 5/6
<br>
â¬œâ¬œâ¬œâ¬œâ¬œ
<br>
â¬œğŸŸ©â¬œâ¬œğŸŸ¨
<br>
ğŸŸ©â¬œâ¬œâ¬œâ¬œ
<br>
ğŸŸ©ğŸŸ©â¬œâ¬œğŸŸ©
<br>
ğŸŸ©ğŸŸ©ğŸŸ©ğŸŸ©ğŸŸ©
"
2025-02-15,true,,true,true,,"
<br><br>
I solved the 02/15/2025 New York Times Mini Crossword in 5:20!
<br><br>
Connections
<br>
Puzzle #615
<br>
ğŸŸ¨ğŸŸ¨ğŸŸ¨ğŸŸ¨
<br>
ğŸŸ©ğŸŸ©ğŸŸ©ğŸŸ©
<br>
ğŸŸªğŸŸªğŸŸªğŸŸª
<br>
ğŸŸ¦ğŸŸ¦ğŸŸ¦ğŸŸ¦
<br><br>
Wordle 1,337 5/6
<br>
â¬œâ¬œğŸŸ©â¬œâ¬œ
<br>
â¬œâ¬œâ¬œâ¬œâ¬œ
<br>
â¬œğŸŸ©â¬œâ¬œâ¬œ
<br>
â¬œğŸŸ©ğŸŸ©ğŸŸ©â¬œ
<br>
ğŸŸ©ğŸŸ©ğŸŸ©ğŸŸ©ğŸŸ©
"
2025-02-16,true,,true,true,,"
<br><br>
I solved the 02/16/2025 New York Times Mini Crossword in 3:59!
<br><br>
Connections
<br>
Puzzle #616
<br>
ğŸŸ©ğŸŸªğŸŸ©ğŸŸ©
<br>
ğŸŸ©ğŸŸ©ğŸŸ©ğŸŸ©
<br>
ğŸŸ¨ğŸŸ¨ğŸŸ¨ğŸŸ¨
<br>
ğŸŸ¦ğŸŸ¦ğŸŸ¦ğŸŸ¦
<br>
ğŸŸªğŸŸªğŸŸªğŸŸª
<br><br>
Wordle 1,338 6/6
<br>
ğŸŸ¨â¬œâ¬œâ¬œğŸŸ©
<br>
â¬œâ¬œâ¬œâ¬œâ¬œ
<br>
â¬œâ¬œğŸŸ¨â¬œğŸŸ¨
<br>
ğŸŸ©ğŸŸ¨ğŸŸ¨â¬œğŸŸ©
<br>
ğŸŸ©â¬œğŸŸ©â¬œğŸŸ©
<br>
ğŸŸ©ğŸŸ©ğŸŸ©ğŸŸ©ğŸŸ©
"
2025-02-17,true,,true,true,,"
<br><br>
I solved the 02/17/2025 New York Times Mini Crossword in 3:18!
<br><br>
Connections
<br>
Puzzle #617
<br>
ğŸŸ¨ğŸŸ¨ğŸŸ¨ğŸŸ¨
<br>
ğŸŸ¦ğŸŸ¦ğŸŸ¦ğŸŸ¦
<br>
ğŸŸªğŸŸªğŸŸªğŸŸª
<br>
ğŸŸ©ğŸŸ©ğŸŸ©ğŸŸ©
<br><br>
Wordle 1,339 5/6
<br>
ğŸŸ¨ğŸŸ¨â¬œâ¬œâ¬œ
<br>
â¬œğŸŸ¨â¬œâ¬œğŸŸ¨
<br>
â¬œğŸŸ©â¬œâ¬œâ¬œ
<br>
ğŸŸ©ğŸŸ©ğŸŸ¨ğŸŸ¨ğŸŸ©
<br>
ğŸŸ©ğŸŸ©ğŸŸ©ğŸŸ©ğŸŸ©
"
2025-02-18,true,,true,true,,"
<br><br>
I solved the 02/18/2025 New York Times Mini Crossword in 4:01!
<br><br>
Connections
<br>
Puzzle #618
<br>
ğŸŸ©ğŸŸ©ğŸŸ©ğŸŸ©
<br>
ğŸŸ¨ğŸŸ¨ğŸŸ¨ğŸŸ¨
<br>
ğŸŸ¦ğŸŸ¦ğŸŸ¦ğŸŸ¦
<br>
ğŸŸªğŸŸªğŸŸªğŸŸª
<br><br>
Wordle 1,339 5/6
<br>
ğŸŸ¨ğŸŸ¨â¬œâ¬œâ¬œ
<br>
â¬œğŸŸ¨â¬œâ¬œğŸŸ¨
<br>
â¬œğŸŸ©â¬œâ¬œâ¬œ
<br>
ğŸŸ©ğŸŸ©ğŸŸ¨ğŸŸ¨ğŸŸ©
<br>
ğŸŸ©ğŸŸ©ğŸŸ©ğŸŸ©ğŸŸ©
"
2025-02-19,true,,true,true,,"
<br><br>
I solved the 02/19/2025 New York Times Mini Crossword in 2:59!
<br><br>
Connections
<br>
Puzzle #619
<br>
ğŸŸ©ğŸŸ©ğŸŸ©ğŸŸ©
<br>
ğŸŸ¨ğŸŸ¨ğŸŸ¨ğŸŸ¨
<br>
ğŸŸªğŸŸªğŸŸªğŸŸ¦
<br>
ğŸŸªğŸŸªğŸŸ¦ğŸŸª
<br>
ğŸŸ¦ğŸŸ¦ğŸŸ¦ğŸŸ¦
<br>
ğŸŸªğŸŸªğŸŸªğŸŸª
<br><br>
Wordle 1,341 5/6
ğŸŸ¨ğŸŸ¨â¬œâ¬œâ¬œ
<br>
ğŸŸ©â¬œâ¬œâ¬œâ¬œ
<br>
ğŸŸ¨â¬œâ¬œâ¬œâ¬œ
<br>
ğŸŸ©ğŸŸ©ğŸŸ©â¬œğŸŸ¨
<br>
ğŸŸ©ğŸŸ©ğŸŸ©ğŸŸ©ğŸŸ©
"
2025-02-21,true,,true,true,,"
<br><br>
I solved the 02/21/2025 New York Times Mini Crossword in 24:28!
<br><br>
Connections
<br>
Puzzle #621
<br>
ğŸŸ©ğŸŸ©ğŸŸ©ğŸŸ¦
<br>
ğŸŸ©ğŸŸ©ğŸŸ©ğŸŸ©
<br>
ğŸŸ¨ğŸŸ¨ğŸŸ¨ğŸŸ¨
<br>
ğŸŸªğŸŸªğŸŸªğŸŸ¦
<br>
ğŸŸªğŸŸªğŸŸªğŸŸ¦
<br>
ğŸŸªğŸŸªğŸŸªğŸŸª
<br>
ğŸŸ¦ğŸŸ¦ğŸŸ¦ğŸŸ¦
<br><br>
Wordle 1,343 5/6
<br>
â¬œğŸŸ©ğŸŸ©â¬œğŸŸ©
<br>
â¬œâ¬œâ¬œâ¬œâ¬œ
<br>
â¬œâ¬œâ¬œâ¬œâ¬œ
<br>
ğŸŸ©ğŸŸ©ğŸŸ©â¬œğŸŸ©
<br>
ğŸŸ©ğŸŸ©ğŸŸ©ğŸŸ©ğŸŸ©
"
2025-02-22,,,,true,,"
<br><br>
Wordle 1,344 5/6
<br>
ğŸŸ¨â¬œâ¬œâ¬œğŸŸ¨
<br>
ğŸŸ¨â¬œâ¬œâ¬œâ¬œ
<br>
â¬œğŸŸ©â¬œâ¬œâ¬œ
<br>
â¬œğŸŸ©ğŸŸ¨ğŸŸ¨ğŸŸ¨
<br>
ğŸŸ©ğŸŸ©ğŸŸ©ğŸŸ©ğŸŸ©
"
2025-02-23,true,,true,true,,"
<br><br>
I solved the 02/23/2025 New York Times Mini Crossword in 1:47!
<br><br>
Connections
<br>
Puzzle #623
<br>
ğŸŸ¦ğŸŸ¦ğŸŸ¦ğŸŸ¦
<br>
ğŸŸ©ğŸŸ©ğŸŸªğŸŸ©
<br>
ğŸŸ©ğŸŸªğŸŸ©ğŸŸª
<br>
ğŸŸ©ğŸŸ©ğŸŸ©ğŸŸ©
<br>
ğŸŸ¨ğŸŸ¨ğŸŸ¨ğŸŸ¨
<br>
ğŸŸªğŸŸªğŸŸªğŸŸª
<br><br>
Wordle 1,345 6/6
<br>
â¬œâ¬œğŸŸ¨â¬œğŸŸ¨
<br>
â¬œâ¬œâ¬œâ¬œğŸŸ¨
<br>
â¬œğŸŸ¨â¬œâ¬œâ¬œ
<br>
ğŸŸ¨ğŸŸ¨ğŸŸ¨â¬œğŸŸ¨
<br>
â¬œğŸŸ¨ğŸŸ¨ğŸŸ¨ğŸŸ¨
<br>
ğŸŸ©ğŸŸ©ğŸŸ©ğŸŸ©ğŸŸ©
"
2025-03-01,true,,true,true,,"
<br><br>
I solved the 03/01/2025 New York Times Mini Crossword in 5:35!
<br><br>
Connections
<br>
Puzzle #629
<br>
ğŸŸ¨ğŸŸ¨ğŸŸ¨ğŸŸ¨
<br>
ğŸŸ©ğŸŸ©ğŸŸªğŸŸ©
<br>
ğŸŸ©ğŸŸ©ğŸŸ©ğŸŸª
<br>
ğŸŸ©ğŸŸªğŸŸ©ğŸŸª
<br>
ğŸŸ©ğŸŸ©ğŸŸ©ğŸŸ©
<br>
ğŸŸªğŸŸªğŸŸªğŸŸª
<br>
ğŸŸ¦ğŸŸ¦ğŸŸ¦ğŸŸ¦
<br><br>
Wordle 1,351 6/6
<br>
<br>
â¬œâ¬œğŸŸ¨â¬œğŸŸ¨
<br>
â¬œâ¬œâ¬œğŸŸ¨â¬œ
<br>
â¬œğŸŸ¨â¬œâ¬œâ¬œ
<br>
â¬œğŸŸ¨ğŸŸ¨ğŸŸ¨ğŸŸ¨
<br>
â¬œğŸŸ¨ğŸŸ¨â¬œğŸŸ¨
<br>
ğŸŸ©ğŸŸ©ğŸŸ©ğŸŸ©ğŸŸ©
"
2025-03-02,true,,true,true,,"
<br><br>
I solved the 03/02/2025 New York Times Mini Crossword in 7:54!
<br><br>
Connections
<br>
Puzzle #630
<br>
ğŸŸ©ğŸŸ¨ğŸŸ©ğŸŸ¨
<br>
ğŸŸ¨ğŸŸ¨ğŸŸ¨ğŸŸ¨
<br>
ğŸŸ©ğŸŸ©ğŸŸ©ğŸŸ©
<br>
ğŸŸªğŸŸªğŸŸªğŸŸª
<br>
ğŸŸ¦ğŸŸ¦ğŸŸ¦ğŸŸ¦
<br><br>
Wordle 1,352 5/6
<br>
<br>
â¬œâ¬œâ¬œâ¬œğŸŸ¨
<br>
â¬œğŸŸ¨â¬œâ¬œğŸŸ¨
<br>
ğŸŸ©â¬œâ¬œâ¬œâ¬œ
<br>
â¬œğŸŸ©â¬œâ¬œğŸŸ©
<br>
ğŸŸ©ğŸŸ©ğŸŸ©ğŸŸ©ğŸŸ©
"
2025-03-03,true,,true,true,,"
<br><br>
I solved the 03/03/2025 New York Times Mini Crossword in 2:25!
<br><br>
Connections
<br>
Puzzle #631
<br>
ğŸŸ¨ğŸŸ¨ğŸŸ¨ğŸŸ¨
<br>
ğŸŸ©ğŸŸ©ğŸŸ©ğŸŸ©
<br>
ğŸŸ¦ğŸŸ¦ğŸŸ¦ğŸŸ¦
<br>
ğŸŸªğŸŸªğŸŸªğŸŸª
<br><br>
Wordle 1,353 6/6
<br>
<br>
ğŸŸ¨â¬œâ¬œâ¬œğŸŸ¨
<br>
â¬œâ¬œâ¬œâ¬œâ¬œ
<br>
â¬œğŸŸ¨â¬œâ¬œğŸŸ¨
<br>
ğŸŸ©â¬œğŸŸ¨ğŸŸ¨ğŸŸ¨
<br>
ğŸŸ©ğŸŸ¨ğŸŸ¨ğŸŸ¨â¬œ
<br>
ğŸŸ©ğŸŸ©ğŸŸ©ğŸŸ©ğŸŸ©
"
2025-03-04,true,,true,true,,"
<br><br>
I solved the 03/04/2025 New York Times Mini Crossword in 5:34!
<br><br>
Connections
<br>
Puzzle #632
<br>
ğŸŸ¦ğŸŸ¦ğŸŸ©ğŸŸ¦
<br>
ğŸŸ¦ğŸŸ¦ğŸŸ¨ğŸŸ©
<br>
ğŸŸ¦ğŸŸ¦ğŸŸ¨ğŸŸ¦
<br>
ğŸŸ¦ğŸŸ¦ğŸŸ¦ğŸŸ¦
<br>
ğŸŸ¨ğŸŸ¨ğŸŸ¨ğŸŸ¨
<br>
ğŸŸ©ğŸŸ©ğŸŸ©ğŸŸ©
<br>
ğŸŸªğŸŸªğŸŸªğŸŸª
<br><br>
Wordle 1,354 5/6
<br>
<br>
â¬œâ¬œâ¬œâ¬œğŸŸ¨
<br>
â¬œâ¬œâ¬œğŸŸ¨â¬œ
<br>
â¬œâ¬œâ¬œâ¬œâ¬œ
<br>
â¬œğŸŸ¨ğŸŸ¨ğŸŸ¨â¬œ
<br>
ğŸŸ©ğŸŸ©ğŸŸ©ğŸŸ©ğŸŸ©
"
2025-03-05,true,,true,true,,"
<br><br>
I solved the 03/05/2025 New York Times Mini Crossword in 3:47!
<br><br>
Connections
<br>
Puzzle #633
<br>
ğŸŸªğŸŸªğŸŸ©ğŸŸª
<br>
ğŸŸªğŸŸªğŸŸªğŸŸª
<br>
ğŸŸ©ğŸŸ¨ğŸŸ¨ğŸŸ©
<br>
ğŸŸ¦ğŸŸ¦ğŸŸ¦ğŸŸ¨
<br>
ğŸŸ¦ğŸŸ¦ğŸŸ¦ğŸŸ¦
<br>
ğŸŸ©ğŸŸ©ğŸŸ©ğŸŸ©
<br>
ğŸŸ¨ğŸŸ¨ğŸŸ¨ğŸŸ¨
<br><br>
Wordle 1,355 4/6
<br>
<br>
â¬œâ¬œâ¬œâ¬œâ¬œ
<br>
ğŸŸ¨â¬œâ¬œâ¬œâ¬œ
<br>
â¬œğŸŸ¨ğŸŸ¨â¬œğŸŸ¨
<br>
ğŸŸ©ğŸŸ©ğŸŸ©ğŸŸ©ğŸŸ©
"
2025-03-06,true,,true,true,,"
<br><br>
I solved the 03/06/2025 New York Times Mini Crossword in 5:18!
<br><br>
Connections
<br>
Puzzle #634
<br>
ğŸŸªğŸŸ©ğŸŸªğŸŸ©
<br>
ğŸŸ©ğŸŸ¨ğŸŸ©ğŸŸ¨
<br>
ğŸŸ¨ğŸŸ¨ğŸŸ¨ğŸŸ¨
<br>
ğŸŸ©ğŸŸ©ğŸŸ©ğŸŸ©
<br>
ğŸŸ¦ğŸŸªğŸŸ¦ğŸŸ¦
<br>
ğŸŸ¦ğŸŸ¦ğŸŸ¦ğŸŸ¦
<br>
ğŸŸªğŸŸªğŸŸªğŸŸª
<br><br>
Wordle 1,356 4/6
<br>
<br>
ğŸŸ©ğŸŸ©â¬œâ¬œğŸŸ¨
<br>
â¬œâ¬œâ¬œâ¬œğŸŸ©
<br>
â¬œğŸŸ¨â¬œâ¬œâ¬œ
<br>
ğŸŸ©ğŸŸ©ğŸŸ©ğŸŸ©ğŸŸ©
"
2025-03-07,true,,true,true,,"
<br><br>
I solved the 03/07/2025 New York Times Mini Crossword in 1:49!
<br><br>
Connections
<br>
Puzzle #635
<br>
ğŸŸ¨ğŸŸ¨ğŸŸ¨ğŸŸ¨
<br>
ğŸŸ¦ğŸŸ¦ğŸŸ¦ğŸŸ¦
<br>
ğŸŸ©ğŸŸ©ğŸŸªğŸŸ©
<br>
ğŸŸ©ğŸŸªğŸŸ©ğŸŸ©
<br>
ğŸŸªğŸŸ©ğŸŸ©ğŸŸ©
<br>
ğŸŸªğŸŸªğŸŸªğŸŸª
<br>
ğŸŸ©ğŸŸ©ğŸŸ©ğŸŸ©
<br><br>
Wordle 1,357 5/6
<br>
<br>
â¬œâ¬œğŸŸ©â¬œâ¬œ
<br>
â¬œâ¬œâ¬œâ¬œğŸŸ¨
<br>
â¬œğŸŸ©â¬œâ¬œâ¬œ
<br>
ğŸŸ¨ğŸŸ©ğŸŸ©ğŸŸ¨ğŸŸ¨
<br>
ğŸŸ©ğŸŸ©ğŸŸ©ğŸŸ©ğŸŸ©
"
2025-03-08,true,,true,true,,"
<br><br>
I solved the 03/08/2025 New York Times Mini Crossword in 4:12!
<br><br>
Connections
<br>
Puzzle #636
<br>
ğŸŸªğŸŸ¨ğŸŸ¨ğŸŸ¦
<br>
ğŸŸ¨ğŸŸ¨ğŸŸ¨ğŸŸ¨
<br>
ğŸŸªğŸŸªğŸŸªğŸŸª
<br>
ğŸŸ©ğŸŸ¦ğŸŸ¦ğŸŸ¦
<br>
ğŸŸ¦ğŸŸ¦ğŸŸ©ğŸŸ¦
<br>
ğŸŸ¦ğŸŸ¦ğŸŸ¦ğŸŸ¦
<br>
ğŸŸ©ğŸŸ©ğŸŸ©ğŸŸ©
<br><br>
Wordle 1,358 6/6
<br>
<br>
ğŸŸ¨ğŸŸ¨â¬œğŸŸ¨ğŸŸ¨
<br>
â¬œâ¬œâ¬œâ¬œâ¬œ
<br>
â¬œâ¬œâ¬œâ¬œâ¬œ
<br>
â¬œğŸŸ¨ğŸŸ¨ğŸŸ¨ğŸŸ¨
<br>
ğŸŸ¨ğŸŸ©ğŸŸ¨ğŸŸ©â¬œ
<br>
ğŸŸ©ğŸŸ©ğŸŸ©ğŸŸ©ğŸŸ©
"
2025-06-01,true,,true,true,,"
<br><br>
I solved the 06/01/2025 New York Times Mini Crossword in 1:58!
<br><br>
Connections
<br>
Connections
<br>
Puzzle #721
<br>
ğŸŸªğŸŸ¦ğŸŸªğŸŸ¨
<br>
ğŸŸ¨ğŸŸªğŸŸ©ğŸŸ¦
<br>
ğŸŸ©ğŸŸ©ğŸŸ©ğŸŸ©
<br>
ğŸŸ¦ğŸŸ¦ğŸŸ¦ğŸŸ¦
<br>
ğŸŸªğŸŸªğŸŸªğŸŸ¨
<br>
ğŸŸªğŸŸªğŸŸªğŸŸª
<br>
ğŸŸ¨ğŸŸ¨ğŸŸ¨ğŸŸ¨
<br><br>
Wordle 1,443 4/6
<br><br>
â¬œâ¬œğŸŸ¨â¬œâ¬œ
<br>
â¬œâ¬œğŸŸ¨ğŸŸ¨â¬œ
<br>
â¬œğŸŸ¨ğŸŸ©â¬œâ¬œ
<br>
ğŸŸ©ğŸŸ©ğŸŸ©ğŸŸ©ğŸŸ©
"
2025-06-02,true,,true,true,,"
<br><br>
I solved the 06/02/2025 New York Times Mini Crossword in 3:08!
<br><br>
Connections
<br>
Puzzle #722
<br>
ğŸŸ¨ğŸŸ¨ğŸŸ¨ğŸŸ¨
<br>
ğŸŸ©ğŸŸ©ğŸŸ©ğŸŸ©
<br>
ğŸŸ¦ğŸŸªğŸŸ¦ğŸŸ¦
<br>
ğŸŸ¦ğŸŸ¦ğŸŸ¦ğŸŸ¦
<br>
ğŸŸªğŸŸªğŸŸªğŸŸª
<br><br>
Wordle 1,444 6/6
<br>
<br>
â¬œâ¬œâ¬œğŸŸ¨ğŸŸ¨
<br>
â¬œâ¬œâ¬œâ¬œâ¬œ
<br>
â¬œğŸŸ©â¬œâ¬œâ¬œ
<br>
ğŸŸ©â¬œâ¬œâ¬œâ¬œ
<br>
ğŸŸ©ğŸŸ©ğŸŸ©â¬œğŸŸ¨
<br>
ğŸŸ©ğŸŸ©ğŸŸ©ğŸŸ©ğŸŸ©
"
2025-06-03,true,,true,true,,"
<br><br>
I solved the 06/03/2025 New York Times Mini Crossword in 2:23!
<br><br>
Connections
<br>
Puzzle #723
<br>
ğŸŸ¨ğŸŸ¨ğŸŸ¨ğŸŸ¨
<br>
ğŸŸ©ğŸŸ©ğŸŸ©ğŸŸ©
<br>
ğŸŸ¦ğŸŸªğŸŸªğŸŸª
<br>
ğŸŸ¦ğŸŸªğŸŸªğŸŸª
<br>
ğŸŸªğŸŸªğŸŸªğŸŸª
<br>
ğŸŸ¦ğŸŸ¦ğŸŸ¦ğŸŸ¦
<br><br>
Wordle 1,445 4/6
<br><br>
ğŸŸ©â¬œâ¬œğŸŸ¨â¬œ
<br>
ğŸŸ¨ğŸŸ¨â¬œâ¬œâ¬œ
<br>
ğŸŸ¨â¬œâ¬œâ¬œâ¬œ
<br>
ğŸŸ©ğŸŸ©ğŸŸ©ğŸŸ©ğŸŸ©
"
2025-06-04,true,,true,true,,"
<br><br>
I solved the 06/04/2025 New York Times Mini Crossword in 2:06!
<br><br>
Connections
Puzzle #724
ğŸŸ¨ğŸŸªğŸŸ¦ğŸŸ¦
<br>
ğŸŸ¨ğŸŸ¦ğŸŸ¦ğŸŸ¦
<br>
ğŸŸ¦ğŸŸ¦ğŸŸ¦ğŸŸ¦
<br>
ğŸŸ©ğŸŸ©ğŸŸ¨ğŸŸ©
<br>
ğŸŸ©ğŸŸ©ğŸŸ©ğŸŸ©
<br>
ğŸŸ¨ğŸŸ¨ğŸŸ¨ğŸŸ¨
<br>
ğŸŸªğŸŸªğŸŸªğŸŸª
<br><br>
Wordle 1,446 6/6
<br><br>
ğŸŸ¨â¬œâ¬œâ¬œğŸŸ©
<br>
â¬œâ¬œâ¬œâ¬œâ¬œ
<br>
â¬œâ¬œâ¬œâ¬œğŸŸ¨
<br>
â¬œâ¬œğŸŸ¨â¬œâ¬œ
<br>
â¬œğŸŸ©ğŸŸ©â¬œğŸŸ©
<br>
ğŸŸ©ğŸŸ©ğŸŸ©ğŸŸ©ğŸŸ©
"
2025-06-06,true,,true,true,,"
<br><br>
I solved the 06/06/2025 New York Times Mini Crossword in 3:20!
<br><br>
Connections
Puzzle #726
ğŸŸ¨ğŸŸªğŸŸ¨ğŸŸ¨
ğŸŸ¨ğŸŸ¨ğŸŸ¨ğŸŸ¨
ğŸŸ©ğŸŸ©ğŸŸ©ğŸŸ©
ğŸŸ¦ğŸŸ¦ğŸŸªğŸŸ¦
ğŸŸ¦ğŸŸ¦ğŸŸ¦ğŸŸ¦
ğŸŸªğŸŸªğŸŸªğŸŸª
<br><br>
Wordle 1,448 6/6

â¬œâ¬œâ¬œâ¬œğŸŸ¨
â¬œğŸŸ¨â¬œâ¬œâ¬œ
ğŸŸ¨â¬œâ¬œâ¬œâ¬œ
â¬œğŸŸ¨â¬œâ¬œğŸŸ©
â¬œğŸŸ©ğŸŸ©â¬œâ¬œ
ğŸŸ©ğŸŸ©ğŸŸ©ğŸŸ©ğŸŸ©
"
2025-06-07,true,,,true,,"
<br><br>
I solved the 06/07/2025 New York Times Mini Crossword in 4:27!
<br><br>
<br><br>
Wordle 1,449 5/6

â¬œâ¬œâ¬œâ¬œğŸŸ©
â¬œâ¬œâ¬œâ¬œâ¬œ
â¬œğŸŸ¨ğŸŸ©â¬œğŸŸ¨
â¬œâ¬œâ¬œâ¬œâ¬œ
ğŸŸ©ğŸŸ©ğŸŸ©ğŸŸ©ğŸŸ©
"
2025-06-08,true,,true,true,,"
<br><br>
I solved the 06/08/2025 New York Times Mini Crossword in 1:30!
<br><br>
Connections
Puzzle #728
ğŸŸ¨ğŸŸ¨ğŸŸ¨ğŸŸ¦
<br>
ğŸŸ¨ğŸŸ¨ğŸŸ¨ğŸŸ¨
<br>
ğŸŸ©ğŸŸªğŸŸ©ğŸŸ©
<br>
ğŸŸ©ğŸŸ©ğŸŸ©ğŸŸ©
<br>
ğŸŸ¦ğŸŸ¦ğŸŸ¦ğŸŸ¦
<br>
ğŸŸªğŸŸªğŸŸªğŸŸª
<br><br>
Wordle 1,450 6/6
<br><br>
ğŸŸ¨ğŸŸ¨â¬œâ¬œğŸŸ©
<br>
â¬œâ¬œâ¬œâ¬œâ¬œ
<br>
â¬œâ¬œâ¬œâ¬œğŸŸ¨
<br>
â¬œâ¬œâ¬œâ¬œâ¬œ
<br>
â¬œğŸŸ¨ğŸŸ¨ğŸŸ©ğŸŸ©
<br>
ğŸŸ©ğŸŸ©ğŸŸ©ğŸŸ©ğŸŸ©
"
2025-06-09,true,,true,true,,"
<br><br>
I solved the 06/09/2025 New York Times Mini Crossword in 3:58!
<br><br>
Connections
<br>
Puzzle #729
<br>
ğŸŸ¨ğŸŸ¨ğŸŸ¨ğŸŸ¨
<br>
ğŸŸ¦ğŸŸ©ğŸŸ¦ğŸŸ¦
<br>
ğŸŸªğŸŸ¦ğŸŸ¦ğŸŸ¦
<br>
ğŸŸ¦ğŸŸ©ğŸŸ©ğŸŸ©
<br>
ğŸŸ©ğŸŸ©ğŸŸ©ğŸŸ©
<br>
ğŸŸ¦ğŸŸ¦ğŸŸ¦ğŸŸ¦
<br>
ğŸŸªğŸŸªğŸŸªğŸŸª
<br><br>
Wordle 1,451 6/6
<br>
<br>
ğŸŸ¨â¬œğŸŸ¨â¬œâ¬œ
<br>
â¬œâ¬œâ¬œâ¬œâ¬œ
<br>
ğŸŸ¨ğŸŸ¨â¬œğŸŸ¨â¬œ
<br>
ğŸŸ©ğŸŸ¨ğŸŸ¨ğŸŸ¨ğŸŸ¨
<br>
ğŸŸ©ğŸŸ¨ğŸŸ¨ğŸŸ¨ğŸŸ©
<br>
ğŸŸ©ğŸŸ©ğŸŸ©ğŸŸ©ğŸŸ©
"
2025-06-11,true,,true,true,,"
<br><br>
I solved the 06/11/2025 New York Times Mini Crossword in 4:28!
<br><br>
Connections
<br>
Puzzle #731
<br>
ğŸŸ¦ğŸŸ¦ğŸŸ¨ğŸŸ¦
<br>
ğŸŸ¨ğŸŸ¨ğŸŸ¨ğŸŸ¨
<br>
ğŸŸ©ğŸŸ©ğŸŸ©ğŸŸ©
<br>
ğŸŸ¦ğŸŸ¦ğŸŸ¦ğŸŸ¦
<br>
ğŸŸªğŸŸªğŸŸªğŸŸª
<br><br>
Wordle 1,453 5/6
<br>
<br>
ğŸŸ¨ğŸŸ©â¬œâ¬œâ¬œ
<br>
â¬œğŸŸ¨â¬œâ¬œâ¬œ
<br>
ğŸŸ¨â¬œâ¬œâ¬œâ¬œ
<br>
ğŸŸ©ğŸŸ¨â¬œâ¬œâ¬œ
<br>
ğŸŸ©ğŸŸ©ğŸŸ©ğŸŸ©ğŸŸ©
"
2025-06-12,true,,true,true,,"
<br><br>
I solved the 06/12/2025 New York Times Mini Crossword in 2:15!
<br><br>
Connections
<br>
Puzzle #732
<br>
ğŸŸ¦ğŸŸ¨ğŸŸ¨ğŸŸ¨
<br>
ğŸŸ¨ğŸŸ¨ğŸŸ¨ğŸŸ¨
<br>
ğŸŸ©ğŸŸ©ğŸŸ©ğŸŸ©
<br>
ğŸŸ¦ğŸŸªğŸŸ¦ğŸŸ¦
<br>
ğŸŸ¦ğŸŸ¦ğŸŸ¦ğŸŸ¦
<br>
ğŸŸªğŸŸªğŸŸªğŸŸª
<br><br>
Wordle 1,454 6/6
<br>
<br>
â¬œâ¬œâ¬œğŸŸ¨ğŸŸ¨
<br>
â¬œğŸŸ©â¬œâ¬œâ¬œ
<br>
â¬œâ¬œâ¬œâ¬œâ¬œ
<br>
â¬œğŸŸ©â¬œâ¬œâ¬œ
<br>
â¬œğŸŸ©ğŸŸ¨ğŸŸ©â¬œ
<br>
ğŸŸ©ğŸŸ©ğŸŸ©ğŸŸ©ğŸŸ©
"
2025-06-14,true,,true,true,,"
<br><br>
I solved the 06/14/2025 New York Times Mini Crossword in 6:28!
<br><br>
Connections
<br>
Puzzle #734
<br>
ğŸŸ©ğŸŸ¨ğŸŸ¨ğŸŸ¨
<br>
ğŸŸ¨ğŸŸ¨ğŸŸ¨ğŸŸ¨
<br>
ğŸŸ©ğŸŸ©ğŸŸ©ğŸŸ©
<br>
ğŸŸªğŸŸ¦ğŸŸ¦ğŸŸ¦
<br>
ğŸŸ¦ğŸŸ¦ğŸŸ¦ğŸŸ¦
<br>
ğŸŸªğŸŸªğŸŸªğŸŸª
<br><br>
Wordle 1,456 4/6
<br>
<br>
â¬œâ¬œğŸŸ©â¬œâ¬œ
<br>
â¬œâ¬œğŸŸ¨ğŸŸ¨ğŸŸ©
<br>
â¬œâ¬œâ¬œâ¬œğŸŸ¨
<br>
ğŸŸ©ğŸŸ©ğŸŸ©ğŸŸ©ğŸŸ©
"
2025-06-15,true,,true,true,,"
<br><br>
I solved the 06/15/2025 New York Times Mini Crossword in 4:04!
<br><br>
Connections
<br>
Puzzle #735
<br>
ğŸŸ¨ğŸŸ©ğŸŸ¨ğŸŸ¨
<br>
ğŸŸ¨ğŸŸ¨ğŸŸ¨ğŸŸ¨
<br>
ğŸŸ¦ğŸŸ¦ğŸŸ¦ğŸŸ©
<br>
ğŸŸ¦ğŸŸ¦ğŸŸ¦ğŸŸ©
<br>
ğŸŸ¦ğŸŸ¦ğŸŸ¦ğŸŸ¦
<br>
ğŸŸ©ğŸŸ©ğŸŸ©ğŸŸ©
<br>
ğŸŸªğŸŸªğŸŸªğŸŸª
<br><br>
Wordle 1,457 6/6
<br>
<br>
ğŸŸ¨ğŸŸ¨â¬œâ¬œâ¬œ
<br>
â¬œğŸŸ¨â¬œâ¬œâ¬œ
<br>
â¬œâ¬œğŸŸ¨â¬œâ¬œ
<br>
â¬œğŸŸ¨â¬œâ¬œâ¬œ
<br>
â¬œğŸŸ¨ğŸŸ¨ğŸŸ¨â¬œ
<br>
ğŸŸ©ğŸŸ©ğŸŸ©ğŸŸ©ğŸŸ©
"
2025-06-16,true,,true,true,,"
<br><br>
I solved the 06/16/2025 New York Times Mini Crossword in 3:13!
<br><br>
Connections
<br>
Puzzle #736
<br>
ğŸŸ¦ğŸŸ¦ğŸŸ¦ğŸŸ¦
<br>
ğŸŸ©ğŸŸ©ğŸŸ©ğŸŸ©
<br>
ğŸŸªğŸŸ¨ğŸŸ¨ğŸŸ¨
<br>
ğŸŸ¨ğŸŸ¨ğŸŸ¨ğŸŸ¨
<br>
ğŸŸªğŸŸªğŸŸªğŸŸª
<br><br>
Wordle 1,458 5/6
<br>
<br>
â¬œâ¬œâ¬œâ¬œğŸŸ¨
<br>
â¬œâ¬œâ¬œâ¬œğŸŸ¨
<br>
â¬œâ¬œâ¬œâ¬œâ¬œ
<br>
ğŸŸ©â¬œâ¬œâ¬œğŸŸ©
<br>
ğŸŸ©ğŸŸ©ğŸŸ©ğŸŸ©ğŸŸ©
"
2025-06-17,true,,true,true,,"
<br><br>
I solved the 06/17/2025 New York Times Mini Crossword in 4:05!
<br><br>
Connections
<br>
Puzzle #737
<br>
ğŸŸ¦ğŸŸ©ğŸŸ¦ğŸŸ¦
<br>
ğŸŸ¦ğŸŸ©ğŸŸ¦ğŸŸ¦
<br>
ğŸŸ¦ğŸŸ¦ğŸŸ¦ğŸŸ¦
<br>
ğŸŸªğŸŸ©ğŸŸªğŸŸª
<br>
ğŸŸªğŸŸªğŸŸªğŸŸª
<br>
ğŸŸ©ğŸŸ¨ğŸŸ©ğŸŸ©
<br><br>
Wordle 1,459 5/6

<br>
<br>
ğŸŸ¨â¬œâ¬œğŸŸ©â¬œ
<br>
â¬œâ¬œâ¬œâ¬œâ¬œ
<br>
â¬œğŸŸ©â¬œâ¬œâ¬œ
<br>
ğŸŸ©â¬œâ¬œğŸŸ¨â¬œ
<br>
ğŸŸ©ğŸŸ©ğŸŸ©ğŸŸ©ğŸŸ©
"
2025-06-18,true,,true,true,,"
<br><br>
I solved the 06/18/2025 New York Times Mini Crossword in 2:37!
<br><br>
Connections
<br>
Puzzle #738
<br>
ğŸŸ¨ğŸŸ¨ğŸŸ¨ğŸŸ¨
<br>
ğŸŸªğŸŸ©ğŸŸ©ğŸŸ©
<br>
ğŸŸ©ğŸŸ©ğŸŸ©ğŸŸ©
<br>
ğŸŸ¦ğŸŸ¦ğŸŸ¦ğŸŸª
<br>
ğŸŸ¦ğŸŸ¦ğŸŸ¦ğŸŸª
<br>
ğŸŸ¦ğŸŸ¦ğŸŸ¦ğŸŸ¦
<br>
ğŸŸªğŸŸªğŸŸªğŸŸª
<br><br>
Wordle 1,460 5/6
<br>
<br>
â¬œâ¬œâ¬œğŸŸ¨â¬œ
<br>
ğŸŸ©â¬œâ¬œğŸŸ¨â¬œ
<br>
â¬œâ¬œğŸŸ¨â¬œâ¬œ
<br>
â¬œâ¬œğŸŸ¨â¬œâ¬œ
<br>
ğŸŸ©ğŸŸ©ğŸŸ©ğŸŸ©ğŸŸ©
"
2025-06-19,true,,true,true,,"
<br><br>
I solved the 06/19/2025 New York Times Mini Crossword in 2:36!
<br><br>
Connections
<br>
Puzzle #739
<br>
ğŸŸ©ğŸŸ©ğŸŸ©ğŸŸ©
<br>
ğŸŸ¨ğŸŸ¨ğŸŸ¨ğŸŸ¨
<br>
ğŸŸ¦ğŸŸ¦ğŸŸ¦ğŸŸ¦
<br>
ğŸŸªğŸŸªğŸŸªğŸŸª
<br><br>
Wordle 1,461 5/6
<br>
<br>
â¬œâ¬œğŸŸ¨â¬œâ¬œ
<br>
â¬œğŸŸ¨â¬œâ¬œâ¬œ
<br>
â¬œğŸŸ¨ğŸŸ¨â¬œâ¬œ
<br>
â¬œğŸŸ¨ğŸŸ¨â¬œâ¬œ
<br>
ğŸŸ©ğŸŸ©ğŸŸ©ğŸŸ©ğŸŸ©
"
2025-06-20,true,,true,true,,"
<br><br>
I solved the 06/20/2025 New York Times Mini Crossword in 2:16!
<br><br>
Connections
<br>
Puzzle #740
<br>
ğŸŸªğŸŸ¨ğŸŸ¨ğŸŸ¨
<br>
ğŸŸ¨ğŸŸ¨ğŸŸ¨ğŸŸ¨
<br>
ğŸŸ©ğŸŸ©ğŸŸ©ğŸŸ©
<br>
ğŸŸ¦ğŸŸ¦ğŸŸ¦ğŸŸ¦
<br>
ğŸŸªğŸŸªğŸŸªğŸŸª
<br><br>
Wordle 1,462 5/6
<br>
<br>
ğŸŸ¨â¬œâ¬œâ¬œğŸŸ©
<br>
â¬œâ¬œâ¬œâ¬œğŸŸ¨
<br>
â¬œâ¬œğŸŸ©â¬œâ¬œ
<br>
ğŸŸ¨â¬œâ¬œâ¬œâ¬œ
<br>
ğŸŸ©ğŸŸ©ğŸŸ©ğŸŸ©ğŸŸ©
"
2025-06-21,true,,true,true,,"
<br><br>
I solved the 06/21/2025 New York Times Mini Crossword in 3:45!
<br><br>
Connections
<br>
Puzzle #741
<br>
ğŸŸ¦ğŸŸªğŸŸ¨ğŸŸ¦
<br>
ğŸŸ©ğŸŸ¨ğŸŸ¨ğŸŸ¨
<br>
ğŸŸ¨ğŸŸ¨ğŸŸ¨ğŸŸ¨
<br>
ğŸŸªğŸŸªğŸŸªğŸŸª
<br>
ğŸŸ¦ğŸŸ¦ğŸŸ¦ğŸŸ¦
<br>
ğŸŸ©ğŸŸ©ğŸŸ©ğŸŸ©
<br><br>
Wordle 1,463 4/6
<br>
<br>
ğŸŸ¨ğŸŸ©â¬œâ¬œğŸŸ©
<br>
â¬œâ¬œğŸŸ¨â¬œâ¬œ
<br>
ğŸŸ¨â¬œâ¬œâ¬œâ¬œ
<br>
ğŸŸ©ğŸŸ©ğŸŸ©ğŸŸ©ğŸŸ©
"
2025-06-22,true,,true,true,,"
<br><br>
I solved the 06/22/2025 New York Times Mini Crossword in 4:20!
<br><br>
Connections
<br>
Puzzle #742
<br>
ğŸŸ¨ğŸŸ¨ğŸŸ¨ğŸŸ¨
<br>
ğŸŸ©ğŸŸ©ğŸŸ©ğŸŸ©
<br>
ğŸŸ¦ğŸŸ¦ğŸŸ¦ğŸŸ¦
<br>
ğŸŸªğŸŸªğŸŸªğŸŸª
<br><br>
Wordle 1,464 4/6
<br>
<br>
â¬œâ¬œâ¬œâ¬œâ¬œ
<br>
ğŸŸ¨â¬œâ¬œğŸŸ¨ğŸŸ¨
<br>
â¬œğŸŸ¨ğŸŸ¨â¬œâ¬œ
<br>
ğŸŸ©ğŸŸ©ğŸŸ©ğŸŸ©ğŸŸ©
"
2025-06-23,true,,true,true,,"
<br><br>
I solved the 06/23/2025 New York Times Mini Crossword in 2:29!
<br><br>
Connections
<br>
Puzzle #743
<br>
ğŸŸ¨ğŸŸ¦ğŸŸ©ğŸŸ¨
<br>
ğŸŸ©ğŸŸ©ğŸŸ©ğŸŸ©
<br>
ğŸŸªğŸŸªğŸŸªğŸŸª
<br>
ğŸŸ¨ğŸŸ¨ğŸŸ¨ğŸŸ¨
<br>
ğŸŸ¦ğŸŸ¦ğŸŸ¦ğŸŸ¦
<br><br>
Wordle 1,465 6/6
<br>
<br>
â¬œğŸŸ¨ğŸŸ¨â¬œâ¬œ
<br>
â¬œâ¬œâ¬œâ¬œâ¬œ
<br>
ğŸŸ¨â¬œâ¬œâ¬œâ¬œ
<br>
â¬œâ¬œâ¬œâ¬œğŸŸ©
<br>
â¬œğŸŸ¨â¬œğŸŸ¨ğŸŸ©
<br>
ğŸŸ©ğŸŸ©ğŸŸ©ğŸŸ©ğŸŸ©
"
2025-06-24,true,,true,true,,"
<br><br>
I solved the 06/24/2025 New York Times Mini Crossword in 3:41!
<br><br>
Connections
<br>
Puzzle #744
<br>
ğŸŸªğŸŸ¨ğŸŸ¨ğŸŸ¨
<br>
ğŸŸ©ğŸŸ¦ğŸŸ©ğŸŸ©
<br>
ğŸŸ©ğŸŸ©ğŸŸ©ğŸŸ©
<br>
ğŸŸ¨ğŸŸ¨ğŸŸ¨ğŸŸ¨
<br>
ğŸŸªğŸŸ¦ğŸŸªğŸŸª
<br>
ğŸŸªğŸŸªğŸŸªğŸŸª
<br>
ğŸŸ¦ğŸŸ¦ğŸŸ¦ğŸŸ¦
<br><br>
Wordle 1,466 6/6
<br>
<br>
â¬œğŸŸ©â¬œâ¬œğŸŸ©
<br>
â¬œğŸŸ¨â¬œâ¬œğŸŸ¨
<br>
â¬œâ¬œâ¬œâ¬œâ¬œ
<br>
â¬œğŸŸ¨â¬œâ¬œâ¬œ
<br>
â¬œğŸŸ©ğŸŸ©ğŸŸ©ğŸŸ©
<br>
ğŸŸ©ğŸŸ©ğŸŸ©ğŸŸ©ğŸŸ©
"
2025-06-25,true,,true,true,,"
<br><br>
I solved the 06/25/2025 New York Times Mini Crossword in 6:06!
<br><br>
Connections
<br>
Puzzle #745
<br>
ğŸŸ©ğŸŸ©ğŸŸ©ğŸŸ©
<br>
ğŸŸªğŸŸ¨ğŸŸ¦ğŸŸ¦
<br>
ğŸŸ¨ğŸŸ¨ğŸŸ¨ğŸŸ¨
<br>
ğŸŸªğŸŸªğŸŸªğŸŸª
<br>
ğŸŸ¦ğŸŸ¦ğŸŸ¦ğŸŸ¦
<br><br>
Wordle 1,467 6/6
<br>
<br>
â¬œâ¬œğŸŸ¨â¬œâ¬œ
<br>
ğŸŸ¨â¬œâ¬œâ¬œâ¬œ
<br>
â¬œâ¬œâ¬œâ¬œâ¬œ
<br>
â¬œâ¬œğŸŸ¨â¬œğŸŸ©
<br>
ğŸŸ©ğŸŸ©ğŸŸ©â¬œğŸŸ©
<br>
ğŸŸ©ğŸŸ©ğŸŸ©ğŸŸ©ğŸŸ©
"
2025-06-26,true,,true,true,,"
<br><br>
I solved the 06/26/2025 New York Times Mini Crossword in 2:47!
<br><br>
Connections
<br>
Puzzle #746
<br>
ğŸŸ¨ğŸŸ¨ğŸŸ¨ğŸŸ¨
<br>
ğŸŸ©ğŸŸ©ğŸŸªğŸŸ©
<br>
ğŸŸªğŸŸªğŸŸªğŸŸ¦
<br>
ğŸŸªğŸŸªğŸŸªğŸŸª
<br>
ğŸŸ©ğŸŸ¦ğŸŸ©ğŸŸ¦
<br>
ğŸŸ¦ğŸŸ¦ğŸŸ¦ğŸŸ¦
<br>
ğŸŸ©ğŸŸ©ğŸŸ©ğŸŸ©
<br><br>
Wordle 1,468 6/6
<br>
<br>
â¬œâ¬œğŸŸ¨â¬œğŸŸ¨
<br>
â¬œâ¬œâ¬œâ¬œâ¬œ
<br>
â¬œğŸŸ¨â¬œâ¬œâ¬œ
<br>
â¬œâ¬œâ¬œâ¬œâ¬œ
<br>
ğŸŸ¨ğŸŸ¨â¬œğŸŸ¨â¬œ
<br>
ğŸŸ©ğŸŸ©ğŸŸ©ğŸŸ©ğŸŸ©
"
2025-06-28,,,true,true,,"
<br><br>
Connections
<br>
Puzzle #748
<br>
ğŸŸ¨ğŸŸ¨ğŸŸ¨ğŸŸ¨
<br>
ğŸŸ¦ğŸŸ©ğŸŸ©ğŸŸ©
<br>
ğŸŸ©ğŸŸ©ğŸŸ©ğŸŸ©
<br>
ğŸŸªğŸŸªğŸŸªğŸŸª
<br>
ğŸŸ¦ğŸŸ¦ğŸŸ¦ğŸŸ¦
<br><br>
Wordle 1,470 5/6
<br>
<br>
â¬œâ¬œâ¬œâ¬œâ¬œ
<br>
ğŸŸ¨â¬œâ¬œâ¬œğŸŸ¨
<br>
â¬œâ¬œğŸŸ©â¬œğŸŸ¨
<br>
ğŸŸ¨â¬œâ¬œâ¬œâ¬œ
<br>
ğŸŸ©ğŸŸ©ğŸŸ©ğŸŸ©ğŸŸ©
"
2025-06-29,true,,true,true,,"
<br><br>
I solved the 06/29/2025 New York Times Mini Crossword in 4:26!
<br><br>
Connections
<br>
Puzzle #749
<br>
ğŸŸ¨ğŸŸ¨ğŸŸ¨ğŸŸ¨
<br>
ğŸŸ©ğŸŸ©ğŸŸ©ğŸŸ©
<br>
ğŸŸªğŸŸ¦ğŸŸ¦ğŸŸ¦
<br>
ğŸŸ¦ğŸŸ¦ğŸŸ¦ğŸŸ¦
<br>
ğŸŸªğŸŸªğŸŸªğŸŸª
<br><br>
Wordle 1,471 6/6
<br>
<br>
â¬œâ¬œâ¬œâ¬œâ¬œ
<br>
â¬œğŸŸ©â¬œâ¬œğŸŸ¨
<br>
â¬œâ¬œâ¬œâ¬œâ¬œ
<br>
â¬œğŸŸ©â¬œâ¬œğŸŸ©
<br>
ğŸŸ©ğŸŸ©â¬œğŸŸ©ğŸŸ©
<br>
ğŸŸ©ğŸŸ©ğŸŸ©ğŸŸ©ğŸŸ©
"
2025-06-30,true,,true,true,,"
<br><br>
I solved the 06/30/2025 New York Times Mini Crossword in 2:28!
<br><br>
Connections
<br>
Puzzle #750
<br>
ğŸŸ¨ğŸŸ¨ğŸŸ¨ğŸŸ¨
<br>
ğŸŸ©ğŸŸ©ğŸŸ©ğŸŸ©
<br>
ğŸŸªğŸŸªğŸŸªğŸŸ¦
<br>
ğŸŸªğŸŸªğŸŸªğŸŸª
<br>
ğŸŸ¦ğŸŸ¦ğŸŸ¦ğŸŸ¦
<br><br>
Wordle 1,472 4/6
<br>
<br>
â¬œğŸŸ©â¬œğŸŸ©â¬œ
<br>
â¬œğŸŸ¨â¬œâ¬œâ¬œ
<br>
â¬œâ¬œâ¬œğŸŸ¨â¬œ
<br>
ğŸŸ©ğŸŸ©ğŸŸ©ğŸŸ©ğŸŸ©
"
2025-07-01,true,,true,true,,"
<br><br>
I solved the 07/01/2025 New York Times Mini Crossword in 3:10!
<br><br>
Connections
<br>
Puzzle #751
<br>
ğŸŸ©ğŸŸ¦ğŸŸ¦ğŸŸ¦
<br>
ğŸŸ©ğŸŸ¦ğŸŸ¦ğŸŸ¦
<br>
<br>
ğŸŸ¦ğŸŸ¦ğŸŸ¦ğŸŸ¦
<br>
ğŸŸ¨ğŸŸ¨ğŸŸ¨ğŸŸ¨
<br>
ğŸŸ©ğŸŸ©ğŸŸ©ğŸŸ©
<br>
ğŸŸªğŸŸªğŸŸªğŸŸª
<br><br>
Wordle 1,473 5/6
<br>
<br>
â¬œğŸŸ¨ğŸŸ¨â¬œâ¬œ
<br>
ğŸŸ©â¬œâ¬œâ¬œâ¬œ
<br>
ğŸŸ¨â¬œâ¬œâ¬œâ¬œ
<br>
â¬œâ¬œâ¬œâ¬œğŸŸ©
<br>
ğŸŸ©ğŸŸ©ğŸŸ©ğŸŸ©ğŸŸ©
"
2025-07-02,true,,true,true,,"
<br><br>
I solved the 07/02/2025 New York Times Mini Crossword in 1:46!
<br><br>
Connections
<br>
Puzzle #752
<br>
ğŸŸ©ğŸŸªğŸŸªğŸŸª
<br>
ğŸŸ¨ğŸŸ¨ğŸŸ¨ğŸŸ¨
<br>
ğŸŸ©ğŸŸ©ğŸŸ©ğŸŸ©
<br>
ğŸŸ¦ğŸŸ¦ğŸŸ¦ğŸŸ¦
<br>
ğŸŸªğŸŸªğŸŸªğŸŸª
<br><br>
Wordle 1,474 5/6
<br>
<br>
â¬œâ¬œâ¬œğŸŸ¨â¬œ
<br>
â¬œğŸŸ¨â¬œâ¬œâ¬œ
<br>
â¬œğŸŸ¨ğŸŸ¨â¬œâ¬œ
<br>
â¬œğŸŸ¨ğŸŸ©â¬œâ¬œ
<br>
ğŸŸ©ğŸŸ©ğŸŸ©ğŸŸ©ğŸŸ©
"